graph,epoch,total,diff,coord,feat,kl,bond,atom
00000000,1,4.351886,0.390271,0.369188,0.021083,0.014292,1.655488,2.291835
00000000,2,4.433641,0.492567,0.471682,0.020885,0.013209,1.649182,2.278683
00000000,3,4.175001,0.263749,0.244129,0.019620,0.012191,1.634075,2.264986
00000000,4,4.086607,0.198053,0.179499,0.018554,0.011238,1.627216,2.250101
00000000,5,4.136258,0.272352,0.253879,0.018473,0.010359,1.618960,2.234587
00000000,6,4.056355,0.224719,0.206930,0.017789,0.009502,1.605725,2.216409
00000000,7,4.002323,0.200706,0.183522,0.017183,0.008678,1.597419,2.195519
00000000,8,3.892898,0.124704,0.108330,0.016374,0.007913,1.591990,2.168291
00000000,9,4.028069,0.297890,0.281735,0.016155,0.007212,1.586866,2.136101
00000000,10,4.099982,0.424117,0.407852,0.016265,0.006579,1.569309,2.099977
00000000,11,4.193718,0.581757,0.565585,0.016172,0.005989,1.553147,2.052825
00000000,12,3.822657,0.302862,0.287356,0.015506,0.005464,1.550707,1.963623
00000000,13,4.112522,0.683619,0.667657,0.015962,0.005001,1.525804,1.898098
00000000,14,3.651860,0.405841,0.388309,0.017532,0.004572,1.527257,1.714190
00000000,15,3.126553,0.120494,0.098263,0.022231,0.004200,1.509560,1.492298
00000000,16,3.082149,0.217032,0.189898,0.027134,0.003897,1.495932,1.365288
00000000,17,3.076170,0.230483,0.200260,0.030222,0.003621,1.498751,1.343315
00000000,18,2.996756,0.248257,0.228052,0.020205,0.003344,1.480962,1.264193
00000000,19,2.908273,0.214624,0.199145,0.015479,0.003094,1.492837,1.197718
00000000,20,3.558398,0.877240,0.862649,0.014591,0.002888,1.431452,1.246818
00000001,1,2.955477,0.402534,0.380968,0.021566,0.003027,1.443137,1.106779
00000001,2,2.789855,0.303061,0.283229,0.019832,0.002860,1.422765,1.061169
00000001,3,2.928060,0.492195,0.474765,0.017431,0.002722,1.384598,1.048544
00000001,4,2.554063,0.106507,0.087946,0.018561,0.002607,1.422730,1.022219
00000001,5,2.577941,0.189825,0.172053,0.017772,0.002512,1.373376,1.012229
00000001,6,2.607065,0.239642,0.222148,0.017494,0.002445,1.356345,1.008633
00000001,7,2.895717,0.579293,0.562734,0.016559,0.002406,1.302178,1.011840
00000001,8,2.783813,0.512947,0.496739,0.016208,0.002414,1.265799,1.002654
00000001,9,2.518002,0.208019,0.190082,0.017938,0.002469,1.310355,0.997158
00000001,10,2.429981,0.210644,0.193340,0.017303,0.002540,1.224533,0.992264
00000001,11,2.432325,0.086049,0.068395,0.017654,0.002635,1.355029,0.988612
00000001,12,2.588607,0.336317,0.319345,0.016972,0.002728,1.259966,0.989595
00000001,13,2.365022,0.172653,0.155429,0.017224,0.002829,1.200112,0.989427
00000001,14,2.539940,0.339691,0.322682,0.017009,0.002943,1.204916,0.992390
00000001,15,2.579302,0.394035,0.377336,0.016698,0.003066,1.191764,0.990437
00000001,16,2.479725,0.379115,0.362378,0.016737,0.003234,1.108463,0.988914
00000001,17,2.596433,0.495608,0.478855,0.016753,0.003465,1.106471,0.990890
00000001,18,2.302003,0.144905,0.127530,0.017374,0.003692,1.167255,0.986151
00000001,19,2.279276,0.201108,0.183952,0.017156,0.003883,1.086110,0.988176
00000001,20,2.165840,0.245870,0.228753,0.017117,0.004039,0.926228,0.989703
00000002,1,3.605289,0.572480,0.559096,0.013384,0.004886,1.073932,1.953992
00000002,2,3.009444,0.085407,0.074426,0.010981,0.005104,1.151427,1.767506
00000002,3,2.791835,0.112795,0.101967,0.010828,0.005119,1.128272,1.545650
00000002,4,2.923822,0.453921,0.442181,0.011740,0.005084,1.014316,1.450501
00000002,5,2.581059,0.116892,0.106433,0.010459,0.005121,1.069568,1.389478
00000002,6,3.167835,0.826599,0.814718,0.011881,0.005224,0.937830,1.398181
00000002,7,3.360930,1.116696,1.104378,0.012318,0.005398,0.865478,1.373357
00000002,8,2.869836,0.473349,0.462877,0.010473,0.005674,1.054204,1.336608
00000002,9,2.792980,0.613653,0.603249,0.010405,0.005970,0.864855,1.308502
00000002,10,2.694137,0.568151,0.557651,0.010499,0.006429,0.826785,1.292773
00000002,11,2.662268,0.415921,0.405731,0.010190,0.006933,0.952841,1.286574
00000002,12,2.608812,0.512253,0.502053,0.010200,0.007425,0.824349,1.264785
00000002,13,2.662434,0.395488,0.385433,0.010055,0.008026,1.002396,1.256524
00000002,14,2.700660,0.597919,0.587874,0.010045,0.008367,0.856002,1.238372
00000002,15,2.585856,0.438584,0.428699,0.009886,0.008507,0.909101,1.229664
00000002,16,2.603076,0.531570,0.521498,0.010072,0.008675,0.836985,1.225845
00000002,17,2.649009,0.636228,0.626006,0.010222,0.008887,0.783849,1.220045
00000002,18,2.442934,0.453231,0.443263,0.009968,0.009148,0.763147,1.217407
00000002,19,2.503229,0.321723,0.312232,0.009492,0.009471,0.960759,1.211275
00000002,20,2.504848,0.399741,0.389965,0.009776,0.009607,0.888244,1.207255
00000003,1,2.274724,0.375536,0.359152,0.016385,0.011712,0.748126,1.139350
00000003,2,2.328786,0.020977,0.007275,0.013702,0.011849,1.199323,1.096637
00000003,3,2.197170,0.246054,0.234467,0.011587,0.011571,0.876952,1.062593
00000003,4,2.221012,0.314397,0.303839,0.010558,0.011463,0.862044,1.033109
00000003,5,2.228660,0.103610,0.093536,0.010074,0.011548,1.101126,1.012376
00000003,6,2.185939,0.206601,0.195889,0.010713,0.011459,0.966090,1.001789
00000003,7,2.126652,0.292745,0.281793,0.010951,0.011235,0.824648,0.998024
00000003,8,2.099561,0.367460,0.356561,0.010899,0.011228,0.725804,0.995069
00000003,9,2.107049,0.178908,0.168632,0.010276,0.011333,0.927367,0.989441
00000003,10,2.263277,0.407594,0.397108,0.010486,0.011548,0.856921,0.987212
00000003,11,2.012243,0.302097,0.291595,0.010503,0.011986,0.710659,0.987500
00000003,12,2.063674,0.089691,0.079733,0.009958,0.012344,0.978249,0.983390
00000003,13,2.061480,0.101613,0.091688,0.009925,0.012386,0.961915,0.985566
00000003,14,2.118622,0.555776,0.544677,0.011098,0.012335,0.567115,0.983396
00000003,15,2.057030,0.181541,0.171229,0.010312,0.012633,0.879585,0.983271
00000003,16,2.157292,0.271475,0.261201,0.010274,0.012724,0.886366,0.986728
00000003,17,2.171449,0.240313,0.230169,0.010144,0.012640,0.933192,0.985304
00000003,18,2.140137,0.334106,0.323765,0.010341,0.012562,0.809775,0.983694
00000003,19,2.059468,0.205684,0.195434,0.010249,0.012734,0.860104,0.980947
00000003,20,2.042401,0.248208,0.237953,0.010255,0.012692,0.800274,0.981227
00000004,1,2.759664,0.193378,0.171740,0.021638,0.010945,0.749234,1.806106
00000004,2,2.624272,0.322430,0.310001,0.012429,0.010575,0.738010,1.553257
00000004,3,2.616713,0.506274,0.495587,0.010687,0.010180,0.700108,1.400151
00000004,4,2.580065,0.390094,0.381218,0.008876,0.009892,0.817671,1.362407
00000004,5,2.276643,0.271121,0.263080,0.008041,0.009605,0.643535,1.352383
00000004,6,2.360516,0.413350,0.404689,0.008660,0.009464,0.590523,1.347179
00000004,7,2.405440,0.316714,0.309144,0.007571,0.009537,0.738884,1.340305
00000004,8,2.266662,0.266916,0.259250,0.007666,0.009581,0.653640,1.336525
00000004,9,2.176492,0.113914,0.107556,0.006358,0.009577,0.722107,1.330894
00000004,10,2.202646,0.099688,0.093744,0.005944,0.009481,0.765652,1.327826
00000004,11,2.219752,0.253482,0.246074,0.007408,0.009254,0.632007,1.325009
00000004,12,2.278795,0.260048,0.253160,0.006888,0.009204,0.687990,1.321553
00000004,13,2.549847,0.545776,0.537043,0.008733,0.009097,0.675043,1.319931
00000004,14,2.256700,0.018891,0.014021,0.004870,0.008900,0.910743,1.318166
00000004,15,2.155270,0.029451,0.024314,0.005137,0.008520,0.801066,1.316232
00000004,16,2.404475,0.276991,0.270417,0.006574,0.008030,0.803342,1.316112
00000004,17,2.131449,0.167699,0.160950,0.006750,0.007565,0.641475,1.314710
00000004,18,2.239857,0.137187,0.131043,0.006144,0.007316,0.780637,1.314717
00000004,19,2.567644,0.592404,0.583353,0.009051,0.007170,0.653936,1.314134
00000004,20,2.217606,0.209072,0.202089,0.006983,0.007238,0.687635,1.313661
00000005,1,2.379990,0.560481,0.537587,0.022894,0.008275,0.525430,1.285804
00000005,2,2.353588,0.073466,0.050206,0.023261,0.008643,1.024320,1.247158
00000005,3,2.306503,0.495914,0.475832,0.020082,0.008826,0.579725,1.222038
00000005,4,2.336890,0.533611,0.514851,0.018760,0.009238,0.575926,1.218115
00000005,5,2.283481,0.274884,0.255551,0.019333,0.009796,0.781823,1.216978
00000005,6,2.233571,0.180119,0.160797,0.019322,0.010142,0.824175,1.219135
00000005,7,2.562271,0.027498,0.007539,0.019959,0.010244,1.306885,1.217644
00000005,8,2.302965,0.163569,0.144164,0.019405,0.010051,0.912207,1.217137
00000005,9,2.395476,0.540107,0.521737,0.018370,0.009734,0.630483,1.215151
00000005,10,2.256254,0.089648,0.070106,0.019542,0.009561,0.941097,1.215948
00000005,11,2.387495,0.506904,0.488605,0.018299,0.009429,0.656006,1.215156
00000005,12,2.178035,0.314868,0.296291,0.018578,0.009517,0.637735,1.215915
00000005,13,2.403985,0.487560,0.469081,0.018479,0.009676,0.693171,1.213579
00000005,14,2.113862,0.424462,0.406286,0.018176,0.009926,0.462909,1.216565
00000005,15,2.212896,0.332206,0.313567,0.018639,0.010301,0.656569,1.213820
00000005,16,2.330457,0.111998,0.092504,0.019494,0.010632,0.993620,1.214207
00000005,17,2.353673,0.291707,0.272722,0.018985,0.010759,0.838867,1.212340
00000005,18,2.131020,0.087862,0.068437,0.019425,0.010811,0.818308,1.214039
00000005,19,2.148880,0.158431,0.139264,0.019167,0.010737,0.764458,1.215254
00000005,20,2.195822,0.228905,0.209907,0.018999,0.010552,0.743327,1.213038
00000006,1,2.373104,0.350430,0.339201,0.011228,0.006879,1.022739,0.993057
00000006,2,2.348646,0.638078,0.627444,0.010634,0.006909,0.835873,0.867786
00000006,3,2.100756,0.241832,0.233226,0.008606,0.007022,1.098152,0.753750
00000006,4,1.764921,0.337187,0.328819,0.008368,0.007110,0.735705,0.684918
00000006,5,1.949169,0.757055,0.747651,0.009404,0.007249,0.535084,0.649781
00000006,6,1.780115,0.357052,0.348884,0.008169,0.007549,0.785284,0.630230
00000006,7,1.528296,0.063108,0.056078,0.007030,0.007784,0.837754,0.619650
00000006,8,1.532233,0.232320,0.224504,0.007816,0.007856,0.673275,0.618782
00000006,9,1.838176,0.301727,0.294374,0.007352,0.008007,0.917462,0.610980
00000006,10,1.684503,0.090655,0.083957,0.006698,0.008023,0.978392,0.607434
00000006,11,1.695340,0.251683,0.244263,0.007421,0.007943,0.828036,0.607676
00000006,12,1.805387,0.431032,0.422990,0.008042,0.007921,0.757353,0.609082
00000006,13,1.638457,0.400476,0.392461,0.008015,0.007931,0.612642,0.617408
00000006,14,1.695795,0.360800,0.352819,0.007981,0.008166,0.719481,0.607347
00000006,15,1.756708,0.443695,0.435175,0.008519,0.008581,0.695691,0.608741
00000006,16,1.715143,0.613977,0.604861,0.009116,0.009143,0.473269,0.618754
00000006,17,1.754309,0.273640,0.265141,0.008500,0.009915,0.875421,0.595333
00000006,18,1.470913,0.235866,0.227758,0.008108,0.010364,0.626028,0.598655
00000006,19,1.720414,0.129140,0.121159,0.007981,0.010670,0.991497,0.589108
00000006,20,1.743423,0.481152,0.472121,0.009030,0.010839,0.652488,0.598943
00000007,1,3.403525,0.391860,0.375094,0.016766,0.015028,0.631855,2.364781
00000007,2,2.770352,0.395485,0.381256,0.014229,0.015024,0.722886,1.636958
00000007,3,2.238151,0.228648,0.215524,0.013124,0.014831,0.719791,1.274881
00000007,4,2.122816,0.297730,0.285398,0.012332,0.014519,0.667816,1.142750
00000007,5,2.029451,0.365762,0.354067,0.011695,0.014383,0.537185,1.112121
00000007,6,2.177620,0.497424,0.486139,0.011284,0.014354,0.566732,1.099110
00000007,7,2.048749,0.378871,0.367749,0.011122,0.014459,0.569902,1.085517
00000007,8,2.148940,0.302833,0.291773,0.011060,0.014684,0.760632,1.070791
00000007,9,2.157142,0.519877,0.509114,0.010763,0.014876,0.559674,1.062715
00000007,10,1.939291,0.260542,0.249868,0.010674,0.015046,0.609096,1.054606
00000007,11,2.099297,0.467080,0.456345,0.010735,0.015156,0.568415,1.048646
00000007,12,2.027691,0.180370,0.169792,0.010578,0.015254,0.785441,1.046625
00000007,13,1.995461,0.029814,0.019377,0.010438,0.015098,0.908188,1.042360
00000007,14,1.961736,0.269384,0.258733,0.010651,0.014657,0.637390,1.040306
00000007,15,1.995436,0.084871,0.074439,0.010432,0.014283,0.860019,1.036264
00000007,16,1.964674,0.167062,0.156447,0.010615,0.013860,0.750513,1.033239
00000007,17,2.109974,0.174292,0.163720,0.010572,0.013373,0.889427,1.032882
00000007,18,1.998817,0.074422,0.063966,0.010456,0.012904,0.879550,1.031941
00000007,19,1.747147,0.119585,0.108990,0.010594,0.012526,0.582870,1.032167
00000007,20,1.970612,0.141550,0.131025,0.010525,0.012277,0.785481,1.031305
00000008,1,2.944418,0.250937,0.233501,0.017436,0.011318,0.847612,1.834552
00000008,2,2.672372,0.192801,0.177553,0.015248,0.010852,0.732168,1.736550
00000008,3,2.900393,0.683012,0.669227,0.013785,0.010351,0.597523,1.609507
00000008,4,2.589377,0.358516,0.346145,0.012371,0.010089,0.685200,1.535572
00000008,5,2.492953,0.157604,0.146407,0.011198,0.010119,0.836245,1.488984
00000008,6,2.385775,0.081792,0.071051,0.010741,0.010092,0.821677,1.472215
00000008,7,2.326093,0.086474,0.075951,0.010524,0.009897,0.770652,1.459070
00000008,8,2.365578,0.366697,0.354953,0.011744,0.009725,0.539031,1.450124
00000008,9,2.672315,0.492432,0.480913,0.011519,0.009819,0.733912,1.436153
00000008,10,2.355070,0.051865,0.041864,0.010000,0.009743,0.867801,1.425662
00000008,11,2.469535,0.187507,0.176991,0.010516,0.009558,0.858328,1.414142
00000008,12,2.437499,0.390782,0.379518,0.011264,0.009440,0.634710,1.402567
00000008,13,2.398165,0.249705,0.239081,0.010624,0.009447,0.744255,1.394758
00000008,14,2.497515,0.416627,0.405436,0.011191,0.009367,0.684591,1.386929
00000008,15,2.300780,0.231593,0.220720,0.010873,0.009202,0.679445,1.380540
00000008,16,2.550313,0.606380,0.594226,0.012154,0.009222,0.564748,1.369963
00000008,17,2.492560,0.225430,0.215099,0.010330,0.009321,0.890592,1.367217
00000008,18,2.373375,0.206400,0.196131,0.010269,0.009169,0.795861,1.361945
00000008,19,2.465390,0.385960,0.375000,0.010960,0.008967,0.714176,1.356288
00000008,20,2.456429,0.259179,0.248519,0.010660,0.008838,0.838070,1.350342
00000009,1,2.389162,0.333427,0.312600,0.020827,0.012433,0.564119,1.479183
00000009,2,2.502891,0.196136,0.178041,0.018095,0.012576,0.860662,1.433516
00000009,3,2.567753,0.433726,0.417660,0.016066,0.012550,0.736813,1.384665
00000009,4,2.425258,0.045447,0.032286,0.013161,0.012360,1.032379,1.335071
00000009,5,2.278025,0.212208,0.199817,0.012391,0.011967,0.750447,1.303403
00000009,6,2.322152,0.249417,0.237942,0.011474,0.011676,0.788726,1.272333
00000009,7,2.302730,0.461957,0.450681,0.011276,0.011466,0.576910,1.252397
00000009,8,2.197733,0.136043,0.125798,0.010245,0.011429,0.815371,1.234890
00000009,9,2.180938,0.201079,0.190872,0.010208,0.011447,0.745370,1.223041
00000009,10,2.160903,0.245634,0.235398,0.010235,0.011341,0.692444,1.211484
00000009,11,2.073331,0.058134,0.048590,0.009545,0.011130,0.804362,1.199706
00000009,12,2.042288,0.114135,0.104540,0.009595,0.010802,0.728518,1.188833
00000009,13,2.018111,0.261136,0.251252,0.009884,0.010638,0.567922,1.178415
00000009,14,2.254879,0.561705,0.551111,0.010594,0.010800,0.507318,1.175056
00000009,15,2.029505,0.102649,0.093189,0.009460,0.011168,0.749719,1.165969
00000009,16,2.092263,0.077770,0.068395,0.009375,0.011284,0.842293,1.160916
00000009,17,2.077659,0.436433,0.426070,0.010363,0.011208,0.472714,1.157304
00000000,1,3.972954,0.021805,0.001833,0.019972,0.014283,1.644911,2.291956
00000000,2,3.949171,0.020967,0.001762,0.019205,0.013129,1.636652,2.278422
00000000,3,3.924812,0.020235,0.001725,0.018510,0.012032,1.628343,2.264202
00000000,4,3.898941,0.019537,0.001659,0.017877,0.010994,1.619573,2.248836
00000000,5,3.871741,0.018920,0.001622,0.017298,0.010017,1.611068,2.231736
00000000,6,3.841709,0.018370,0.001619,0.016751,0.009103,1.602222,2.212014
00000000,7,3.807678,0.017846,0.001608,0.016239,0.008251,1.593328,2.188252
00000000,8,3.767122,0.017308,0.001543,0.015765,0.007460,1.584298,2.158055
00000000,9,3.715692,0.016882,0.001544,0.015338,0.006731,1.574667,2.117412
00000000,10,3.647110,0.016564,0.001505,0.015059,0.006061,1.564918,2.059567
00000000,11,3.548710,0.016645,0.001430,0.015215,0.005451,1.554713,1.971901
00000000,12,3.402403,0.017992,0.001383,0.016609,0.004903,1.543555,1.835954
00000000,13,3.189898,0.022491,0.001323,0.021168,0.004422,1.532117,1.630867
00000000,14,2.963866,0.034538,0.001300,0.033238,0.004016,1.520073,1.405239
00000000,15,2.887782,0.045143,0.001234,0.043909,0.003652,1.507903,1.331085
00000000,16,2.792448,0.029831,0.001201,0.028630,0.003270,1.495786,1.263560
00000000,17,2.711306,0.019184,0.001187,0.017997,0.002912,1.482832,1.206378
00000000,18,2.653306,0.016083,0.001190,0.014893,0.002611,1.469322,1.165290
00000000,19,2.588572,0.014806,0.001176,0.013630,0.002362,1.454430,1.116973
00000000,20,2.532753,0.014064,0.001164,0.012900,0.002149,1.439748,1.076792
00000001,1,2.467202,0.026875,0.002010,0.024865,0.002340,1.424293,1.013694
00000001,2,2.431736,0.022680,0.001928,0.020752,0.002142,1.406884,1.000029
00000001,3,2.404449,0.020505,0.001666,0.018838,0.001952,1.388679,0.993312
00000001,4,2.381348,0.020285,0.001584,0.018700,0.001774,1.370244,0.989045
00000001,5,2.360326,0.019768,0.001490,0.018278,0.001611,1.351140,0.987807
00000001,6,2.340022,0.019283,0.001469,0.017814,0.001466,1.331519,0.987754
00000001,7,2.320335,0.019178,0.001375,0.017804,0.001340,1.312768,0.987049
00000001,8,2.301129,0.019061,0.001339,0.017722,0.001229,1.294810,0.986030
00000001,9,2.282470,0.018942,0.001367,0.017575,0.001129,1.276122,0.986276
00000001,10,2.262955,0.018913,0.001312,0.017601,0.001040,1.257039,0.985963
00000001,11,2.245590,0.018945,0.001399,0.017546,0.000960,1.240101,0.985584
00000001,12,2.226265,0.018838,0.001338,0.017500,0.000889,1.221240,0.985298
00000001,13,2.210086,0.018787,0.001285,0.017502,0.000825,1.205200,0.985274
00000001,14,2.191786,0.018800,0.001313,0.017486,0.000767,1.187193,0.985027
00000001,15,2.178101,0.018730,0.001258,0.017472,0.000713,1.173692,0.984967
00000001,16,2.161540,0.018792,0.001329,0.017463,0.000664,1.157985,0.984100
00000001,17,2.150617,0.018718,0.001266,0.017451,0.000618,1.146259,0.985022
00000001,18,2.134914,0.018636,0.001212,0.017424,0.000576,1.132004,0.983698
00000001,19,2.126808,0.018586,0.001181,0.017404,0.000537,1.123212,0.984473
00000001,20,2.114459,0.018649,0.001244,0.017405,0.000501,1.111079,0.984230
00000002,1,3.541791,0.023571,0.011017,0.012554,0.000419,1.327965,2.189836
00000002,2,3.011954,0.016313,0.004495,0.011817,0.000293,1.318687,1.676662
00000002,3,2.798146,0.016095,0.004408,0.011687,0.000238,1.306075,1.475739
00000002,4,2.738502,0.014445,0.003303,0.011142,0.000237,1.285959,1.437861
00000002,5,2.693000,0.013391,0.002847,0.010544,0.000244,1.271723,1.407641
00000002,6,2.628948,0.012976,0.002864,0.010112,0.000242,1.251701,1.364028
00000002,7,2.575651,0.012598,0.002751,0.009847,0.000236,1.236521,1.326296
00000002,8,2.542182,0.012177,0.002619,0.009558,0.000229,1.226698,1.303078
00000002,9,2.509645,0.011813,0.002612,0.009201,0.000223,1.211409,1.286199
00000002,10,2.481738,0.011489,0.002547,0.008942,0.000218,1.202375,1.267656
00000002,11,2.453882,0.011280,0.002510,0.008770,0.000214,1.191749,1.250638
00000002,12,2.428259,0.011047,0.002450,0.008597,0.000209,1.179036,1.237967
00000002,13,2.407283,0.010904,0.002430,0.008474,0.000205,1.166994,1.229180
00000002,14,2.393249,0.010898,0.002455,0.008443,0.000200,1.159952,1.222199
00000002,15,2.379226,0.010807,0.002378,0.008428,0.000196,1.151439,1.216784
00000002,16,2.369057,0.010772,0.002359,0.008413,0.000192,1.145640,1.212453
00000002,17,2.356333,0.010772,0.002369,0.008403,0.000187,1.135889,1.209485
00000002,18,2.345700,0.010718,0.002331,0.008387,0.000183,1.128008,1.206791
00000002,19,2.339124,0.010685,0.002315,0.008370,0.000178,1.123846,1.204415
00000002,20,2.328445,0.010623,0.002269,0.008354,0.000173,1.114905,1.202743
00000003,1,2.410367,0.020404,0.001431,0.018972,0.000199,1.262720,1.127044
00000003,2,2.350530,0.015765,0.001379,0.014386,0.000196,1.250198,1.084371
00000003,3,2.293624,0.012205,0.001323,0.010881,0.000193,1.236171,1.045054
00000003,4,2.250531,0.011256,0.001259,0.009997,0.000193,1.220668,1.018415
00000003,5,2.219993,0.011759,0.001221,0.010538,0.000194,1.205390,1.002649
00000003,6,2.201973,0.012029,0.001190,0.010839,0.000197,1.195743,0.994004
00000003,7,2.191945,0.011640,0.001181,0.010459,0.000201,1.191165,0.988939
00000003,8,2.171956,0.011101,0.001158,0.009943,0.000206,1.174898,0.985750
00000003,9,2.160665,0.010846,0.001150,0.009697,0.000210,1.165908,0.983700
00000003,10,2.150120,0.010808,0.001130,0.009678,0.000213,1.156509,0.982590
00000003,11,2.146408,0.010822,0.001138,0.009683,0.000214,1.153805,0.981567
00000003,12,2.141259,0.010782,0.001127,0.009655,0.000215,1.149761,0.980502
00000003,13,2.135926,0.010757,0.001118,0.009639,0.000214,1.144893,0.980062
00000003,14,2.130334,0.010769,0.001116,0.009653,0.000212,1.139986,0.979367
00000003,15,2.127977,0.010758,0.001112,0.009646,0.000209,1.138128,0.978882
00000003,16,2.123210,0.010729,0.001098,0.009631,0.000206,1.133426,0.978848
00000003,17,2.117179,0.010723,0.001101,0.009621,0.000203,1.128176,0.978078
00000003,18,2.114447,0.010715,0.001099,0.009616,0.000199,1.125562,0.977971
00000003,19,2.112425,0.010712,0.001104,0.009608,0.000195,1.124031,0.977487
00000003,20,2.109213,0.010694,0.001092,0.009602,0.000191,1.121010,0.977318
00000004,1,2.732335,0.023395,0.002493,0.020902,0.000374,0.913445,1.795120
00000004,2,2.459029,0.011341,0.002269,0.009073,0.000334,0.908047,1.539307
00000004,3,2.306580,0.007621,0.002114,0.005508,0.000302,0.892440,1.406218
00000004,4,2.252348,0.006863,0.001925,0.004938,0.000285,0.880223,1.364976
00000004,5,2.228462,0.006632,0.001772,0.004860,0.000283,0.864815,1.356733
00000004,6,2.208401,0.006431,0.001600,0.004831,0.000289,0.850112,1.351569
00000004,7,2.189812,0.006269,0.001465,0.004804,0.000297,0.839304,1.343943
00000004,8,2.171050,0.006095,0.001336,0.004759,0.000303,0.828441,1.336211
00000004,9,2.157255,0.005941,0.001264,0.004677,0.000303,0.820508,1.330504
00000004,10,2.146075,0.005786,0.001219,0.004567,0.000295,0.813590,1.326403
00000004,11,2.134495,0.005645,0.001201,0.004445,0.000282,0.805085,1.323482
00000004,12,2.124741,0.005524,0.001194,0.004330,0.000265,0.797867,1.321085
00000004,13,2.118822,0.005424,0.001180,0.004244,0.000248,0.793990,1.319160
00000004,14,2.112115,0.005322,0.001123,0.004199,0.000231,0.788865,1.317697
00000004,15,2.107733,0.005275,0.001097,0.004178,0.000216,0.785479,1.316764
00000004,16,2.104701,0.005236,0.001065,0.004171,0.000202,0.783290,1.315973
00000004,17,2.100607,0.005198,0.001036,0.004162,0.000190,0.779882,1.315337
00000004,18,2.097787,0.005163,0.001005,0.004158,0.000180,0.777753,1.314691
00000004,19,2.093837,0.005142,0.000992,0.004151,0.000172,0.774363,1.314160
00000004,20,2.093494,0.005119,0.000971,0.004147,0.000165,0.774625,1.313586
00000005,1,3.025035,0.029342,0.004135,0.025207,0.000229,1.710630,1.284834
00000005,2,2.969109,0.025581,0.002860,0.022720,0.000225,1.699028,1.244275
00000005,3,2.898796,0.023251,0.002194,0.021057,0.000223,1.653620,1.221702
00000005,4,2.848314,0.021729,0.001933,0.019796,0.000224,1.606926,1.219434
00000005,5,2.803194,0.021095,0.001799,0.019296,0.000239,1.562124,1.219736
00000005,6,2.752622,0.020826,0.001760,0.019066,0.000273,1.513340,1.218182
00000005,7,2.708249,0.020681,0.001746,0.018935,0.000320,1.470703,1.216545
00000005,8,2.664507,0.020508,0.001693,0.018816,0.000374,1.427554,1.216072
00000005,9,2.635080,0.020377,0.001692,0.018685,0.000428,1.398925,1.215350
00000005,10,2.598983,0.020196,0.001660,0.018536,0.000481,1.363474,1.214831
00000005,11,2.574701,0.020096,0.001646,0.018450,0.000531,1.339027,1.215047
00000005,12,2.541495,0.020007,0.001626,0.018381,0.000578,1.306192,1.214718
00000005,13,2.522433,0.019923,0.001611,0.018312,0.000619,1.288190,1.213701
00000005,14,2.510240,0.019853,0.001596,0.018258,0.000656,1.275813,1.213918
00000005,15,2.484529,0.019797,0.001594,0.018203,0.000689,1.250277,1.213767
00000005,16,2.476286,0.019738,0.001572,0.018166,0.000717,1.242642,1.213189
00000005,17,2.464251,0.019671,0.001547,0.018123,0.000741,1.230343,1.213497
00000005,18,2.451361,0.019669,0.001566,0.018104,0.000762,1.217690,1.213239
00000005,19,2.454045,0.019629,0.001563,0.018066,0.000779,1.221471,1.212166
00000005,20,2.443313,0.019604,0.001547,0.018056,0.000795,1.210709,1.212206
00000006,1,2.440581,0.011023,0.001867,0.009156,0.000089,1.445783,0.983686
00000006,2,2.260950,0.009370,0.001710,0.007660,0.000093,1.410559,0.840928
00000006,3,2.123230,0.008333,0.001487,0.006845,0.000097,1.384828,0.729972
00000006,4,2.017902,0.007447,0.001377,0.006070,0.000100,1.345449,0.664906
00000006,5,1.961506,0.007069,0.001301,0.005768,0.000102,1.325357,0.628978
00000006,6,1.913399,0.006950,0.001251,0.005699,0.000102,1.294262,0.612085
00000006,7,1.860621,0.006943,0.001249,0.005693,0.000102,1.251908,0.601667
00000006,8,1.829460,0.006851,0.001232,0.005619,0.000101,1.228210,0.594298
00000006,9,1.798340,0.006734,0.001231,0.005503,0.000098,1.202145,0.589362
00000006,10,1.768849,0.006673,0.001209,0.005464,0.000093,1.182541,0.579542
00000006,11,1.748288,0.006679,0.001209,0.005470,0.000087,1.166870,0.574652
00000006,12,1.728292,0.006635,0.001188,0.005447,0.000083,1.143028,0.578546
00000006,13,1.710311,0.006616,0.001191,0.005425,0.000077,1.130137,0.573481
00000006,14,1.694320,0.006615,0.001193,0.005422,0.000073,1.116694,0.570938
00000006,15,1.683254,0.006596,0.001179,0.005417,0.000070,1.108842,0.567745
00000006,16,1.669710,0.006579,0.001182,0.005397,0.000068,1.100119,0.562945
00000006,17,1.656035,0.006569,0.001178,0.005391,0.000066,1.089577,0.559823
00000006,18,1.643352,0.006581,0.001185,0.005397,0.000065,1.079228,0.557477
00000006,19,1.630357,0.006576,0.001182,0.005395,0.000065,1.070785,0.552931
00000006,20,1.620144,0.006569,0.001172,0.005397,0.000066,1.064762,0.548747
00000007,1,3.989109,0.017395,0.001369,0.016026,0.000210,1.170308,2.801196
00000007,2,2.946444,0.014486,0.001364,0.013121,0.000128,1.165700,1.766131
00000007,3,2.472917,0.013690,0.001331,0.012359,0.000122,1.158446,1.300659
00000007,4,2.336710,0.013358,0.001335,0.012022,0.000142,1.147847,1.175363
00000007,5,2.291466,0.012985,0.001318,0.011666,0.000139,1.137146,1.141197
00000007,6,2.260107,0.012563,0.001296,0.011267,0.000115,1.134028,1.113400
00000007,7,2.225620,0.012136,0.001283,0.010853,0.000091,1.127372,1.086020
00000007,8,2.200182,0.011748,0.001281,0.010467,0.000080,1.120938,1.067416
00000007,9,2.188933,0.011471,0.001267,0.010205,0.000083,1.118937,1.058442
00000007,10,2.179962,0.011379,0.001255,0.010124,0.000095,1.114129,1.054359
00000007,11,2.173889,0.011400,0.001249,0.010151,0.000109,1.110818,1.051562
00000007,12,2.165862,0.011432,0.001248,0.010184,0.000122,1.106144,1.048164
00000007,13,2.160707,0.011410,0.001231,0.010179,0.000134,1.105480,1.043684
00000007,14,2.154822,0.011382,0.001222,0.010160,0.000144,1.103290,1.040006
00000007,15,2.144716,0.011370,0.001225,0.010146,0.000153,1.095946,1.037247
00000007,16,2.141455,0.011346,0.001216,0.010130,0.000162,1.094889,1.035058
00000007,17,2.135403,0.011326,0.001209,0.010117,0.000172,1.090260,1.033645
00000007,18,2.132795,0.011304,0.001202,0.010102,0.000181,1.089248,1.032062
00000007,19,2.131402,0.011310,0.001217,0.010094,0.000191,1.088656,1.031245
00000007,20,2.122835,0.011290,0.001205,0.010085,0.000200,1.081675,1.029670
00000008,1,2.916707,0.018069,0.001640,0.016429,0.000182,1.102050,1.796407
00000008,2,2.799496,0.015915,0.001490,0.014424,0.000170,1.096473,1.686937
00000008,3,2.684011,0.013927,0.001361,0.012566,0.000167,1.091180,1.578736
00000008,4,2.609467,0.012694,0.001274,0.011420,0.000179,1.084772,1.511823
00000008,5,2.572197,0.011969,0.001193,0.010776,0.000198,1.079753,1.480277
00000008,6,2.552479,0.011558,0.001160,0.010398,0.000221,1.074346,1.466354
00000008,7,2.537766,0.011307,0.001144,0.010163,0.000249,1.069963,1.456247
00000008,8,2.521384,0.011142,0.001123,0.010019,0.000286,1.065741,1.444215
00000008,9,2.504294,0.011051,0.001114,0.009937,0.000330,1.062039,1.430873
00000008,10,2.487754,0.010990,0.001111,0.009879,0.000378,1.058350,1.418037
00000008,11,2.473371,0.010917,0.001095,0.009822,0.000421,1.055344,1.406688
00000008,12,2.460083,0.010854,0.001089,0.009766,0.000456,1.051937,1.396836
00000008,13,2.448359,0.010791,0.001078,0.009713,0.000481,1.048925,1.388162
00000008,14,2.437401,0.010735,0.001069,0.009667,0.000497,1.046011,1.380159
00000008,15,2.429780,0.010695,0.001066,0.009629,0.000505,1.045598,1.372982
00000008,16,2.415994,0.010655,0.001060,0.009595,0.000510,1.038828,1.366001
00000008,17,2.409953,0.010634,0.001068,0.009565,0.000513,1.038887,1.359919
00000008,18,2.402073,0.010607,0.001067,0.009539,0.000516,1.036521,1.354430
00000008,19,2.395193,0.010581,0.001067,0.009514,0.000521,1.034653,1.349438
00000008,20,2.388593,0.010550,0.001056,0.009494,0.000527,1.032522,1.344995
00000009,1,2.680308,0.022084,0.002215,0.019869,0.000987,1.182700,1.474537
00000009,2,2.621097,0.019615,0.002080,0.017535,0.000966,1.163816,1.436700
00000009,3,2.538924,0.016697,0.001962,0.014735,0.000912,1.137177,1.384137
00000009,4,2.459412,0.014291,0.001855,0.012436,0.000846,1.106985,1.337290
00000009,5,2.391676,0.012684,0.001803,0.010881,0.000779,1.076187,1.302027
00000009,6,2.335332,0.011721,0.001749,0.009972,0.000718,1.048936,1.273956
00000009,7,2.286865,0.011197,0.001689,0.009508,0.000667,1.022775,1.252226
00000009,8,2.245081,0.010925,0.001647,0.009278,0.000629,1.000705,1.232822
00000009,9,2.210080,0.010738,0.001583,0.009155,0.000606,0.983101,1.215635
00000009,10,2.179652,0.010628,0.001557,0.009071,0.000600,0.966641,1.201783
00000009,11,2.154006,0.010565,0.001551,0.009014,0.000608,0.953241,1.189592
00000009,12,2.132595,0.010474,0.001506,0.008967,0.000630,0.942251,1.179241
00000009,13,2.113971,0.010416,0.001486,0.008930,0.000661,0.933031,1.169864
00000009,14,2.099304,0.010331,0.001427,0.008904,0.000697,0.925871,1.162406
00000009,15,2.085672,0.010306,0.001418,0.008888,0.000734,0.919687,1.154945
00000009,16,2.076549,0.010284,0.001404,0.008880,0.000769,0.915786,1.149709
00000009,17,2.067226,0.010230,0.001345,0.008885,0.000800,0.911069,1.145127
00000009,18,2.060809,0.010228,0.001347,0.008881,0.000826,0.908327,1.141427
00000009,19,2.053797,0.010181,0.001295,0.008885,0.000849,0.904908,1.137860
00000009,20,2.048915,0.010168,0.001282,0.008886,0.000867,0.902568,1.135312
00000000,1,4.395991,0.437756,0.416433,0.021322,0.014336,1.652124,2.291776
00000000,2,4.435625,0.495954,0.474995,0.020959,0.013293,1.647667,2.278711
00000000,3,4.051525,0.140648,0.121545,0.019103,0.012293,1.633671,2.264914
00000000,4,4.069938,0.186034,0.167305,0.018729,0.011351,1.622193,2.250360
00000000,5,4.432872,0.575353,0.556056,0.019297,0.010438,1.612192,2.234888
00000000,6,4.092709,0.257866,0.240253,0.017613,0.009565,1.610028,2.215250
00000000,7,4.217405,0.414689,0.396971,0.017719,0.008775,1.598620,2.195321
00000000,8,3.815126,0.044545,0.028514,0.016031,0.008047,1.596498,2.166036
00000000,9,4.303605,0.589834,0.572825,0.017009,0.007383,1.566957,2.139431
00000000,10,4.063167,0.394555,0.378478,0.016076,0.006760,1.564060,2.097792
00000000,11,4.334177,0.734035,0.717557,0.016478,0.006178,1.539029,2.054935
00000000,12,3.946544,0.436216,0.420436,0.015780,0.005649,1.527944,1.976734
00000000,13,3.943970,0.556896,0.540499,0.016397,0.005153,1.524950,1.856971
00000000,14,3.563049,0.350757,0.332910,0.017848,0.004711,1.516188,1.691392
00000000,15,3.606976,0.574865,0.555386,0.019478,0.004318,1.487746,1.540047
00000000,16,3.025095,0.164766,0.131622,0.033144,0.003989,1.511529,1.344812
00000000,17,3.126195,0.302834,0.274852,0.027982,0.003677,1.499667,1.320017
00000000,18,2.789911,0.046850,0.027415,0.019435,0.003378,1.504684,1.234998
00000000,19,3.020683,0.342897,0.328576,0.014321,0.003110,1.461992,1.212684
00000000,20,3.483507,0.847941,0.833483,0.014458,0.002886,1.408141,1.224538
00000001,1,2.791303,0.256374,0.233865,0.022509,0.003034,1.444643,1.087252
00000001,2,2.888718,0.443275,0.423956,0.019319,0.002843,1.385573,1.057027
00000001,3,2.713747,0.273947,0.255330,0.018617,0.002688,1.401557,1.035555
00000001,4,2.698108,0.279785,0.261983,0.017802,0.002535,1.393604,1.022185
00000001,5,2.771016,0.401476,0.384331,0.017144,0.002392,1.354240,1.012908
00000001,6,3.114583,0.832654,0.816804,0.015850,0.002275,1.267728,1.011926
00000001,7,2.980907,0.745787,0.730230,0.015557,0.002196,1.227623,1.005301
00000001,8,2.609530,0.289741,0.271534,0.018207,0.002157,1.324515,0.993117
00000001,9,2.725239,0.525590,0.509110,0.016480,0.002147,1.203722,0.993779
00000001,10,2.451387,0.140844,0.123203,0.017641,0.002179,1.319958,0.988406
00000001,11,2.360023,0.045814,0.028184,0.017630,0.002220,1.323647,0.988343
00000001,12,2.470617,0.218251,0.200981,0.017270,0.002244,1.262535,0.987587
00000001,13,2.370566,0.121302,0.103866,0.017435,0.002254,1.258836,0.988174
00000001,14,2.485519,0.280574,0.263445,0.017129,0.002269,1.210786,0.991890
00000001,15,2.337834,0.214489,0.197465,0.017024,0.002286,1.132670,0.988389
00000001,16,2.294947,0.141679,0.124379,0.017300,0.002341,1.161440,0.989488
00000001,17,2.543984,0.545751,0.529455,0.016296,0.002422,1.008245,0.987567
00000001,18,2.291673,0.150536,0.133092,0.017444,0.002539,1.150603,0.987995
00000001,19,2.311586,0.316610,0.299889,0.016721,0.002669,1.006356,0.985952
00000001,20,2.211814,0.026604,0.008863,0.017741,0.002828,1.197046,0.985336
00000002,1,3.649868,0.492230,0.479043,0.013187,0.003350,1.094421,2.059867
00000002,2,3.151791,0.335535,0.323552,0.011983,0.003462,1.096618,1.716175
00000002,3,3.075356,0.324895,0.313658,0.011237,0.003551,1.195199,1.551710
00000002,4,3.209445,0.847785,0.835143,0.012642,0.003579,0.906494,1.451588
00000002,5,2.977978,0.430475,0.419277,0.011198,0.003683,1.130023,1.413796
00000002,6,3.043925,0.695126,0.683767,0.011359,0.003819,0.946053,1.398927
00000002,7,3.182604,1.028415,1.016284,0.012132,0.003982,0.775903,1.374303
00000002,8,2.707622,0.393461,0.383049,0.010412,0.004352,0.976776,1.333032
00000002,9,2.734491,0.403042,0.393135,0.009907,0.004759,1.018539,1.308151
00000002,10,2.668948,0.329020,0.319270,0.009750,0.005044,1.042136,1.292748
00000002,11,2.592966,0.295239,0.285414,0.009824,0.005180,1.013009,1.279538
00000002,12,2.465695,0.260619,0.250951,0.009668,0.005269,0.939509,1.260297
00000002,13,2.524212,0.324609,0.314867,0.009742,0.005411,0.946374,1.247818
00000002,14,2.714177,0.553455,0.543201,0.010254,0.005501,0.917651,1.237570
00000002,15,2.763786,0.681719,0.671403,0.010316,0.005537,0.846512,1.230018
00000002,16,2.688214,0.632626,0.622273,0.010352,0.005546,0.827946,1.222096
00000002,17,2.898920,0.907309,0.896501,0.010807,0.005750,0.767334,1.218528
00000002,18,2.780290,0.762161,0.751715,0.010446,0.006165,0.793775,1.218189
00000002,19,2.769287,0.699165,0.688776,0.010388,0.006543,0.848811,1.214768
00000002,20,2.859988,0.847675,0.837321,0.010354,0.006916,0.794737,1.210659
00000003,1,2.326263,0.269528,0.254347,0.015181,0.008845,0.908687,1.139203
00000003,2,2.235295,0.136649,0.123431,0.013218,0.009254,0.992440,1.096952
00000003,3,2.188526,0.301460,0.289950,0.011510,0.009539,0.817074,1.060453
00000003,4,2.353635,0.545393,0.534587,0.010807,0.009860,0.765019,1.033363
00000003,5,2.116635,0.116744,0.106727,0.010017,0.010188,0.975981,1.013721
00000003,6,2.235989,0.469430,0.458351,0.011079,0.010383,0.755942,1.000235
00000003,7,2.115718,0.502115,0.490779,0.011336,0.010912,0.605586,0.997106
00000003,8,2.224017,0.314404,0.303817,0.010587,0.011778,0.904976,0.992859
00000003,9,2.085183,0.129843,0.119855,0.009987,0.012410,0.953365,0.989565
00000003,10,2.055771,0.188615,0.178562,0.010053,0.012711,0.869107,0.985338
00000003,11,2.135520,0.192631,0.182505,0.010127,0.012831,0.943585,0.986473
00000003,12,2.131069,0.027359,0.017803,0.009556,0.012609,1.105841,0.985259
00000003,13,2.134482,0.311241,0.300805,0.010436,0.012136,0.825592,0.985514
00000003,14,2.147276,0.383727,0.373306,0.010421,0.011799,0.769711,0.982039
00000003,15,2.025321,0.186133,0.175915,0.010217,0.011640,0.846457,0.981091
00000003,16,1.994632,0.231005,0.220858,0.010147,0.011606,0.767538,0.984482
00000003,17,2.151172,0.233134,0.223187,0.009947,0.011619,0.922062,0.984357
00000003,18,2.016095,0.121005,0.111070,0.009935,0.011537,0.901030,0.982523
00000003,19,2.110979,0.323933,0.313655,0.010278,0.011390,0.794695,0.980960
00000003,20,2.170060,0.296303,0.286132,0.010171,0.011370,0.883977,0.978410
00000004,1,2.846997,0.339706,0.318507,0.021200,0.009578,0.717721,1.779992
00000004,2,2.719791,0.509230,0.495880,0.013350,0.009325,0.649016,1.552219
00000004,3,2.459132,0.410972,0.400912,0.010060,0.009207,0.629438,1.409514
00000004,4,2.479678,0.397881,0.389000,0.008881,0.009173,0.707914,1.364709
00000004,5,2.393996,0.291906,0.284153,0.007753,0.009061,0.740852,1.352178
00000004,6,2.482890,0.367269,0.359424,0.007845,0.008828,0.760510,1.346283
00000004,7,2.329714,0.141885,0.135924,0.005961,0.008647,0.838362,1.340819
00000004,8,2.624585,0.701353,0.690651,0.010702,0.008503,0.578531,1.336198
00000004,9,2.363351,0.333644,0.325610,0.008034,0.008531,0.690601,1.330574
00000004,10,2.290427,0.334434,0.326115,0.008319,0.008783,0.619585,1.327625
00000004,11,2.293558,0.240896,0.233678,0.007217,0.009004,0.719954,1.323705
00000004,12,2.401420,0.404545,0.396688,0.007857,0.008874,0.666897,1.321104
00000004,13,2.638803,0.615443,0.606420,0.009023,0.008814,0.696060,1.318487
00000004,14,2.221550,0.130908,0.124630,0.006278,0.008741,0.764564,1.317337
00000004,15,2.394649,0.453859,0.445227,0.008631,0.008678,0.616154,1.315958
00000004,16,2.397963,0.395116,0.387340,0.007776,0.008813,0.678777,1.315257
00000004,17,2.198210,0.137507,0.131291,0.006216,0.008969,0.737521,1.314214
00000004,18,2.183500,0.021850,0.016865,0.004985,0.008911,0.838629,1.314110
00000004,19,2.378782,0.424083,0.415979,0.008104,0.008629,0.632961,1.313109
00000004,20,2.174585,0.056718,0.051384,0.005334,0.008474,0.796470,1.312923
00000005,1,2.340882,0.326029,0.302001,0.024028,0.009206,0.721103,1.284544
00000005,2,2.651929,0.363647,0.341582,0.022065,0.009359,1.031915,1.247009
00000005,3,2.476130,0.525882,0.505757,0.020125,0.009459,0.719598,1.221192
00000005,4,2.139010,0.373543,0.354467,0.019075,0.009594,0.538983,1.216890
00000005,5,2.340243,0.465584,0.447037,0.018547,0.010087,0.647734,1.216838
00000005,6,2.304474,0.057387,0.037535,0.019852,0.010520,1.018005,1.218563
00000005,7,2.457787,0.121919,0.102487,0.019432,0.010616,1.108543,1.216709
00000005,8,2.219830,0.374559,0.355877,0.018682,0.010567,0.618626,1.216078
00000005,9,2.368819,0.434268,0.415720,0.018548,0.010595,0.710291,1.213665
00000005,10,2.229357,0.236673,0.217628,0.019046,0.010662,0.765180,1.216842
00000005,11,2.392966,0.621025,0.603073,0.017952,0.010718,0.546701,1.214521
00000005,12,2.307073,0.180671,0.161606,0.019064,0.010887,0.898449,1.217067
00000005,13,2.295854,0.465258,0.446780,0.018478,0.010991,0.607546,1.212060
00000005,14,2.281396,0.182805,0.163714,0.019091,0.011048,0.871361,1.216182
00000005,15,2.469688,0.205621,0.186403,0.019218,0.011027,1.037951,1.215089
00000005,16,2.184867,0.127472,0.108301,0.019171,0.010800,0.831326,1.215270
00000005,17,2.375109,0.313921,0.295096,0.018825,0.010591,0.837939,1.212658
00000005,18,2.480223,0.275890,0.256905,0.018985,0.010542,0.979029,1.214762
00000005,19,2.275611,0.054969,0.035525,0.019444,0.010414,0.997404,1.212824
00000005,20,2.261721,0.391932,0.373345,0.018587,0.010161,0.644884,1.214743
00000006,1,2.203503,0.285919,0.274764,0.011156,0.006474,0.921554,0.989556
00000006,2,2.217998,0.562256,0.551813,0.010444,0.006442,0.788688,0.860612
00000006,3,2.183686,0.231056,0.222707,0.008349,0.006494,1.201890,0.744247
00000006,4,2.020747,0.729453,0.719930,0.009523,0.006570,0.603324,0.681400
00000006,5,1.984349,0.825641,0.816302,0.009339,0.006805,0.507240,0.644663
00000006,6,1.766080,0.287271,0.279124,0.008147,0.007124,0.842734,0.628951
00000006,7,1.905087,0.546088,0.537597,0.008491,0.007509,0.730041,0.621449
00000006,8,1.685408,0.032527,0.026006,0.006521,0.007779,1.035111,0.609991
00000006,9,1.833448,0.291406,0.284160,0.007245,0.007803,0.922699,0.611540
00000006,10,1.842078,0.342357,0.334582,0.007775,0.007695,0.881789,0.610237
00000006,11,1.565106,0.225030,0.217509,0.007521,0.007681,0.722936,0.609458
00000006,12,1.822372,0.619328,0.610144,0.009184,0.007776,0.578943,0.616325
00000006,13,1.664430,0.158825,0.151585,0.007239,0.008048,0.896337,0.601220
00000006,14,1.743874,0.315163,0.307200,0.007963,0.008244,0.819508,0.600959
00000006,15,1.821720,0.253816,0.245946,0.007870,0.008320,0.968749,0.590835
00000006,16,1.403799,0.160692,0.153058,0.007634,0.008326,0.624871,0.609910
00000006,17,1.830164,0.352838,0.344037,0.008801,0.008350,0.872363,0.596613
00000006,18,1.920252,0.490879,0.481635,0.009243,0.008451,0.828720,0.592203
00000006,19,1.668360,0.014683,0.007204,0.007480,0.008578,1.086372,0.558727
00000006,20,1.780617,0.514437,0.503043,0.011394,0.008548,0.666843,0.590789
00000007,1,3.417679,0.328854,0.310336,0.018519,0.012724,0.577017,2.499083
00000007,2,2.811581,0.345315,0.330114,0.015201,0.012645,0.769347,1.684275
00000007,3,2.313217,0.632801,0.619320,0.013481,0.012434,0.401653,1.266328
00000007,4,1.999249,0.133905,0.121032,0.012873,0.012431,0.705790,1.147123
00000007,5,2.216582,0.352498,0.340364,0.012134,0.012413,0.734319,1.117351
00000007,6,2.168410,0.597811,0.586475,0.011336,0.012495,0.451728,1.106377
00000007,7,2.073540,0.177353,0.165707,0.011647,0.012726,0.798396,1.085065
00000007,8,2.118761,0.374080,0.362955,0.011126,0.012856,0.657934,1.073890
00000007,9,2.049179,0.531341,0.520532,0.010809,0.013077,0.440816,1.063944
00000007,10,2.078153,0.546942,0.536127,0.010815,0.013446,0.460912,1.056853
00000007,11,2.065891,0.263112,0.252406,0.010706,0.013912,0.739805,1.049062
00000007,12,2.046508,0.428780,0.417994,0.010786,0.014294,0.557390,1.046043
00000007,13,1.952812,0.384471,0.373699,0.010771,0.014774,0.510503,1.043065
00000007,14,2.137094,0.317913,0.307161,0.010752,0.015266,0.764142,1.039773
00000007,15,2.094243,0.029616,0.019176,0.010440,0.015430,1.011038,1.038159
00000007,16,1.975288,0.241634,0.230939,0.010695,0.015214,0.684132,1.034308
00000007,17,2.156427,0.341365,0.330616,0.010749,0.014997,0.766159,1.033907
00000007,18,2.189595,0.314807,0.304121,0.010686,0.014730,0.826656,1.033402
00000007,19,2.218661,0.347881,0.337101,0.010780,0.014453,0.824135,1.032193
00000007,20,1.976884,0.126240,0.115752,0.010488,0.014084,0.805827,1.030731
00000008,1,2.959615,0.230990,0.213692,0.017298,0.012491,0.877893,1.838242
00000008,2,2.787513,0.313815,0.298432,0.015383,0.011921,0.727538,1.734238
00000008,3,2.905743,0.568844,0.555315,0.013528,0.011378,0.717638,1.607883
00000008,4,2.370216,0.160416,0.148413,0.012003,0.010876,0.657784,1.541139
00000008,5,2.467010,0.293132,0.281451,0.011681,0.010568,0.672832,1.490478
00000008,6,2.403300,0.222085,0.210802,0.011283,0.010359,0.699450,1.471406
00000008,7,2.585443,0.215043,0.204080,0.010963,0.010161,0.903223,1.457016
00000008,8,2.453478,0.114872,0.104367,0.010505,0.010077,0.881575,1.446954
00000008,9,2.712290,0.483252,0.471785,0.011467,0.009873,0.782479,1.436686
00000008,10,2.547849,0.248942,0.238246,0.010696,0.009561,0.864278,1.425069
00000008,11,2.367346,0.048155,0.038186,0.009968,0.009211,0.894981,1.415000
00000008,12,2.595555,0.461570,0.450174,0.011396,0.008895,0.723296,1.401794
00000008,13,2.461998,0.329333,0.318225,0.011108,0.008688,0.727327,1.396650
00000008,14,2.504101,0.560663,0.548714,0.011949,0.008594,0.546402,1.388443
00000008,15,2.178013,0.068428,0.058373,0.010056,0.008692,0.719139,1.381754
00000008,16,2.579451,0.577419,0.565227,0.012192,0.008725,0.622093,1.371213
00000008,17,2.462761,0.316038,0.305176,0.010862,0.008900,0.770472,1.367351
00000008,18,2.306072,0.316158,0.304928,0.011230,0.009062,0.615217,1.365636
00000008,19,2.544814,0.546196,0.534742,0.011453,0.009306,0.632016,1.357296
00000008,20,2.436087,0.223010,0.212517,0.010493,0.009473,0.851824,1.351781
00000009,1,2.633803,0.287831,0.267759,0.020072,0.014129,0.861210,1.470634
00000009,2,2.368738,0.145868,0.127949,0.017919,0.013917,0.776263,1.432689
00000009,3,2.546376,0.697652,0.680783,0.016869,0.013707,0.449985,1.385032
00000009,4,2.415851,0.109210,0.095740,0.013470,0.013751,0.957404,1.335485
00000009,5,2.308165,0.104084,0.091989,0.012095,0.013595,0.889561,1.300925
00000009,6,2.120005,0.207696,0.196237,0.011459,0.013199,0.625779,1.273331
00000009,7,2.391930,0.601355,0.589786,0.011570,0.012891,0.523157,1.254526
00000009,8,2.064186,0.079270,0.069091,0.010179,0.012726,0.734256,1.237934
00000009,9,2.003355,0.205151,0.194819,0.010332,0.012433,0.563079,1.222691
00000009,10,2.273618,0.242810,0.232628,0.010182,0.012235,0.805254,1.213319
00000009,11,2.317996,0.410262,0.399982,0.010280,0.012113,0.695042,1.200578
00000009,12,2.260646,0.276251,0.266282,0.009969,0.012021,0.782553,1.189821
00000009,13,2.138770,0.048491,0.039142,0.009349,0.011772,0.898583,1.179925
00000009,14,2.132717,0.389702,0.379499,0.010203,0.011306,0.557873,1.173837
00000009,15,2.177630,0.206075,0.196463,0.009612,0.010958,0.792847,1.167751
00000009,16,2.186540,0.270813,0.261027,0.009786,0.010593,0.743580,1.161555
00000009,17,2.190346,0.444079,0.433756,0.010322,0.010350,0.578599,1.157319
00000009,18,2.233687,0.513565,0.503248,0.010316,0.010276,0.558769,1.151078
00000009,19,2.105874,0.393879,0.383726,0.010153,0.010337,0.555103,1.146556
00000009,20,2.189826,0.474303,0.463985,0.010318,0.010487,0.561858,1.143178
00000000,1,4.318895,0.410929,0.393201,0.017728,0.001670,1.626207,2.280089
00000000,2,4.299674,0.460202,0.443073,0.017129,0.001826,1.595256,2.242391
00000000,3,3.885575,0.122011,0.106836,0.015175,0.002084,1.571816,2.189664
00000000,4,3.799470,0.158051,0.143713,0.014338,0.002230,1.541879,2.097310
00000000,5,3.929461,0.529815,0.515422,0.014393,0.002515,1.501494,1.895637
00000000,6,3.226131,0.262591,0.232101,0.030490,0.003032,1.516504,1.444004
00000000,7,3.136322,0.402618,0.383021,0.019597,0.003343,1.479990,1.250371
00000000,8,2.636347,0.036473,0.022626,0.013847,0.003456,1.497674,1.098744
00000000,9,3.032053,0.563188,0.548549,0.014639,0.003418,1.412498,1.052950
00000000,10,2.798296,0.373664,0.359898,0.013766,0.003502,1.393775,1.027355
00000000,11,3.035793,0.716769,0.702936,0.013833,0.003670,1.298912,1.016442
00000000,12,2.716770,0.401599,0.388110,0.013490,0.003916,1.295676,1.015579
00000000,13,2.834638,0.537193,0.523847,0.013346,0.004311,1.283357,1.009776
00000000,14,2.588291,0.308828,0.296372,0.012456,0.004644,1.261235,1.013583
00000000,15,2.740516,0.542762,0.529947,0.012815,0.005063,1.178742,1.013950
00000000,16,2.438928,0.126621,0.115254,0.011367,0.005518,1.296121,1.010668
00000000,17,2.529917,0.273015,0.261594,0.011420,0.005803,1.238899,1.012200
00000000,18,2.349213,0.033334,0.022829,0.010505,0.005725,1.298828,1.011325
00000000,19,2.491905,0.322313,0.310825,0.011489,0.005483,1.152221,1.011888
00000000,20,2.796944,0.825412,0.813044,0.012368,0.005298,0.957410,1.008823
00000001,1,2.385823,0.240370,0.221708,0.018661,0.005256,1.154235,0.985963
00000001,2,2.441352,0.451610,0.433331,0.018279,0.005173,0.999256,0.985313
00000001,3,2.290231,0.260469,0.242609,0.017860,0.004823,1.039549,0.985390
00000001,4,2.292549,0.267758,0.250174,0.017585,0.004537,1.032272,0.987980
00000001,5,2.336429,0.397210,0.380376,0.016834,0.004302,0.950114,0.984803
00000001,6,2.501214,0.807540,0.791902,0.015638,0.004313,0.706035,0.983326
00000001,7,2.349245,0.718836,0.703328,0.015509,0.004898,0.640327,0.985184
00000001,8,2.205379,0.279611,0.262331,0.017280,0.005850,0.936716,0.983202
00000001,9,2.113431,0.492290,0.475861,0.016429,0.006621,0.629797,0.984723
00000001,10,2.140074,0.128133,0.110749,0.017384,0.007759,1.018872,0.985311
00000001,11,2.086849,0.042043,0.024337,0.017705,0.008454,1.054059,0.982293
00000001,12,2.122446,0.207459,0.190455,0.017003,0.008330,0.924131,0.982527
00000001,13,2.050589,0.111583,0.094278,0.017305,0.007830,0.950368,0.980808
00000001,14,2.133288,0.272881,0.255899,0.016982,0.007340,0.870363,0.982704
00000001,15,1.929252,0.197635,0.180769,0.016867,0.006836,0.743820,0.980961
00000001,16,1.972376,0.132300,0.115131,0.017169,0.006677,0.852940,0.980459
00000001,17,2.097040,0.527642,0.511408,0.016234,0.006718,0.582416,0.980264
00000001,18,2.027784,0.140945,0.123619,0.017326,0.007019,0.901669,0.978151
00000001,19,1.935243,0.295065,0.278518,0.016547,0.007400,0.653197,0.979581
00000001,20,2.049975,0.025141,0.007762,0.017379,0.007908,1.036823,0.980104
00000002,1,3.242539,0.476878,0.463776,0.013102,0.007423,0.926389,1.831848
00000002,2,2.676240,0.322826,0.310725,0.012101,0.007747,0.938855,1.406812
00000002,3,2.823140,0.315422,0.304472,0.010950,0.008082,1.087766,1.411871
00000002,4,2.831245,0.824758,0.813056,0.011702,0.008060,0.676597,1.321831
00000002,5,2.685401,0.421958,0.411132,0.010825,0.008443,0.999135,1.255866
00000002,6,2.734093,0.684495,0.672617,0.011878,0.008865,0.812423,1.228310
00000002,7,2.789244,1.000006,0.988138,0.011867,0.009251,0.567055,1.212933
00000002,8,2.446579,0.368006,0.357679,0.010327,0.010547,0.853432,1.214595
00000002,9,2.528724,0.392132,0.382174,0.009958,0.011815,0.917667,1.207110
00000002,10,2.484398,0.320881,0.311220,0.009662,0.012378,0.947696,1.203443
00000002,11,2.406403,0.283970,0.274159,0.009811,0.012244,0.907471,1.202718
00000002,12,2.301142,0.245424,0.235784,0.009640,0.011879,0.844623,1.199215
00000002,13,2.368803,0.319768,0.309969,0.009799,0.011649,0.840248,1.197138
00000002,14,2.566669,0.548194,0.537999,0.010195,0.011192,0.809573,1.197710
00000002,15,2.641193,0.674674,0.664459,0.010215,0.010618,0.758339,1.197562
00000002,16,2.574755,0.621364,0.611178,0.010186,0.010067,0.745423,1.197901
00000002,17,2.770614,0.888064,0.877474,0.010590,0.010179,0.673813,1.198558
00000002,18,2.678389,0.758782,0.748391,0.010390,0.010977,0.710120,1.198510
00000002,19,2.649083,0.684099,0.673761,0.010338,0.011632,0.754267,1.199085
00000002,20,2.758733,0.823859,0.813606,0.010252,0.012293,0.724165,1.198417
00000003,1,2.230312,0.269795,0.254215,0.015581,0.013250,0.828902,1.118364
00000003,2,2.103748,0.134837,0.122889,0.011948,0.013865,0.910876,1.044171
00000003,3,2.080565,0.299572,0.288314,0.011258,0.014071,0.758882,1.008041
00000003,4,2.252378,0.545392,0.533007,0.012385,0.014293,0.698172,0.994521
00000003,5,2.014936,0.116496,0.105539,0.010957,0.014504,0.898065,0.985870
00000003,6,2.148148,0.467963,0.457118,0.010844,0.014386,0.681936,0.983863
00000003,7,2.055917,0.494210,0.483329,0.010881,0.015064,0.567036,0.979606
00000003,8,2.136344,0.312326,0.301985,0.010341,0.016568,0.822581,0.984869
00000003,9,2.010279,0.131803,0.121733,0.010070,0.017403,0.879641,0.981432
00000003,10,1.975414,0.180975,0.170832,0.010142,0.017322,0.799685,0.977432
00000003,11,2.058281,0.192608,0.182451,0.010157,0.016833,0.868850,0.979990
00000003,12,2.040949,0.028784,0.019184,0.009600,0.015611,1.013059,0.983496
00000003,13,2.077865,0.305282,0.294949,0.010333,0.013968,0.785247,0.973369
00000003,14,2.096031,0.382403,0.371820,0.010583,0.012806,0.720381,0.980440
00000003,15,1.951367,0.176770,0.166551,0.010219,0.012180,0.790755,0.971661
00000003,16,1.929311,0.213142,0.202814,0.010328,0.011982,0.726824,0.977363
00000003,17,2.098344,0.242057,0.232097,0.009960,0.011988,0.859983,0.984316
00000003,18,1.941132,0.112311,0.102394,0.009917,0.011627,0.844571,0.972624
00000003,19,2.049110,0.312690,0.302548,0.010142,0.011173,0.743202,0.982045
00000003,20,2.086421,0.288110,0.278104,0.010006,0.011117,0.810863,0.976332
00000004,1,2.819134,0.339677,0.322591,0.017085,0.015225,0.643493,1.820740
00000004,2,2.566491,0.518496,0.508877,0.009619,0.013776,0.596005,1.438214
00000004,3,2.394809,0.395829,0.386099,0.009729,0.012606,0.570121,1.416253
00000004,4,2.435547,0.391343,0.382222,0.009122,0.011956,0.635720,1.396527
00000004,5,2.300193,0.285247,0.277145,0.008103,0.011396,0.659763,1.343787
00000004,6,2.358528,0.355008,0.346547,0.008461,0.010708,0.668750,1.324062
00000004,7,2.185142,0.131325,0.124831,0.006494,0.010221,0.724295,1.319301
00000004,8,2.536573,0.687063,0.676818,0.010245,0.009841,0.528742,1.310927
00000004,9,2.224563,0.294861,0.287197,0.007664,0.009847,0.607520,1.312335
00000004,10,2.199636,0.314545,0.306554,0.007991,0.010366,0.563595,1.311131
00000004,11,2.212586,0.254046,0.246956,0.007090,0.010670,0.638124,1.309747
00000004,12,2.262203,0.353834,0.346233,0.007601,0.010179,0.590229,1.307961
00000004,13,2.518933,0.614730,0.605910,0.008820,0.010061,0.584297,1.309845
00000004,14,2.116550,0.124358,0.118329,0.006029,0.009786,0.675591,1.306815
00000004,15,2.272495,0.398857,0.390486,0.008371,0.009464,0.555800,1.308373
00000004,16,2.284511,0.364399,0.356881,0.007518,0.009601,0.604372,1.306140
00000004,17,2.089315,0.116971,0.111069,0.005902,0.009787,0.657952,1.304605
00000004,18,2.076709,0.018732,0.014088,0.004644,0.009484,0.744033,1.304460
00000004,19,2.255675,0.368458,0.360513,0.007944,0.008714,0.572536,1.305967
00000004,20,2.051576,0.042492,0.037449,0.005043,0.008197,0.697634,1.303252
00000005,1,2.428808,0.375539,0.352853,0.022686,0.009374,0.774188,1.269707
00000005,2,2.723829,0.363858,0.344078,0.019780,0.009329,1.131395,1.219246
00000005,3,2.504123,0.526647,0.508256,0.018391,0.009366,0.743025,1.225085
00000005,4,2.155370,0.381918,0.363653,0.018265,0.009596,0.543155,1.220700
00000005,5,2.348940,0.468183,0.449880,0.018303,0.010613,0.655566,1.214577
00000005,6,2.325864,0.057388,0.038260,0.019128,0.011590,1.045703,1.211183
00000005,7,2.448430,0.121460,0.102690,0.018770,0.011902,1.100957,1.214111
00000005,8,2.202159,0.374912,0.356687,0.018224,0.011908,0.601760,1.213580
00000005,9,2.339765,0.434318,0.416319,0.018000,0.011990,0.680434,1.213023
00000005,10,2.196662,0.235586,0.217063,0.018523,0.012062,0.738662,1.210353
00000005,11,2.349973,0.620936,0.603370,0.017566,0.012045,0.505411,1.211581
00000005,12,2.245385,0.179399,0.160943,0.018456,0.012254,0.838527,1.215206
00000005,13,2.260725,0.463659,0.445624,0.018035,0.012297,0.574380,1.210389
00000005,14,2.216673,0.182432,0.163959,0.018473,0.012221,0.810795,1.211224
00000005,15,2.389881,0.203363,0.184811,0.018552,0.012003,0.963810,1.210706
00000005,16,2.128112,0.127010,0.108514,0.018495,0.011387,0.782222,1.207494
00000005,17,2.316640,0.315103,0.296874,0.018228,0.010862,0.777623,1.213053
00000005,18,2.403772,0.275926,0.257626,0.018300,0.010700,0.902637,1.214510
00000005,19,2.215160,0.054559,0.035857,0.018702,0.010409,0.939505,1.210688
00000005,20,2.220659,0.394247,0.376265,0.017982,0.009901,0.606538,1.209973
00000006,1,2.078631,0.278350,0.268065,0.010285,0.011472,0.828778,0.960031
00000006,2,1.995495,0.551496,0.542192,0.009304,0.011169,0.709056,0.723773
00000006,3,1.939213,0.228452,0.220661,0.007791,0.011008,1.050727,0.649025
00000006,4,1.889181,0.719793,0.710059,0.009734,0.010890,0.535614,0.622884
00000006,5,1.895688,0.819269,0.809822,0.009448,0.011172,0.447929,0.617318
00000006,6,1.643827,0.278060,0.270063,0.007997,0.011659,0.740985,0.613123
00000006,7,1.800003,0.536345,0.527890,0.008455,0.012316,0.639357,0.611985
00000006,8,1.566874,0.030052,0.024033,0.006019,0.012652,0.926905,0.597265
00000006,9,1.701457,0.285531,0.278532,0.006999,0.012307,0.818960,0.584659
00000006,10,1.701020,0.336288,0.328433,0.007855,0.011683,0.780259,0.572789
00000006,11,1.445012,0.216537,0.209065,0.007472,0.011361,0.655126,0.561987
00000006,12,1.833753,0.606810,0.596932,0.009878,0.011409,0.519363,0.696170
00000006,13,1.541222,0.156114,0.148847,0.007266,0.011754,0.785052,0.588303
00000006,14,1.631254,0.309747,0.301782,0.007964,0.012026,0.730984,0.578497
00000006,15,1.691563,0.248801,0.241902,0.006899,0.012021,0.843374,0.587367
00000006,16,1.339594,0.151872,0.144845,0.007027,0.011917,0.571062,0.604744
00000006,17,1.708061,0.343211,0.335767,0.007445,0.011929,0.755087,0.597834
00000006,18,1.791278,0.479114,0.471563,0.007551,0.012108,0.722489,0.577567
00000006,19,1.475715,0.011907,0.006944,0.004963,0.012351,0.949773,0.501683
00000006,20,1.696911,0.500122,0.492159,0.007962,0.012147,0.583507,0.601135
00000007,1,3.599926,0.331951,0.316304,0.015646,0.012102,0.591627,2.664246
00000007,2,2.535632,0.346320,0.332764,0.013555,0.012236,0.771996,1.405080
00000007,3,2.268038,0.637389,0.623792,0.013598,0.012226,0.399371,1.219053
00000007,4,1.980817,0.138901,0.125706,0.013195,0.012096,0.719134,1.110685
00000007,5,2.134946,0.355263,0.343720,0.011543,0.011852,0.716300,1.051531
00000007,6,2.115875,0.603133,0.592300,0.010833,0.011893,0.453539,1.047310
00000007,7,2.027139,0.178309,0.167778,0.010531,0.012264,0.793883,1.042683
00000007,8,2.067188,0.374824,0.364329,0.010495,0.012469,0.641002,1.038893
00000007,9,2.030154,0.533632,0.523043,0.010589,0.012862,0.448146,1.035515
00000007,10,2.051217,0.549691,0.539152,0.010539,0.013542,0.454920,1.033064
00000007,11,2.019017,0.263662,0.253303,0.010359,0.014410,0.709758,1.031187
00000007,12,2.011607,0.427168,0.416826,0.010342,0.015099,0.538787,1.030553
00000007,13,1.940026,0.385942,0.375463,0.010479,0.015964,0.509011,1.029108
00000007,14,2.088832,0.319011,0.308809,0.010203,0.016828,0.725643,1.027350
00000007,15,2.039330,0.029730,0.019504,0.010226,0.016985,0.966501,1.026113
00000007,16,1.947233,0.238647,0.228393,0.010253,0.016365,0.665704,1.026517
00000007,17,2.118384,0.339521,0.329165,0.010356,0.015770,0.737435,1.025659
00000007,18,2.139707,0.314596,0.304300,0.010296,0.015125,0.784643,1.025343
00000007,19,2.171186,0.346236,0.335895,0.010341,0.014513,0.785592,1.024844
00000007,20,1.930692,0.124774,0.114435,0.010339,0.013776,0.767480,1.024661
00000008,1,3.258307,0.227952,0.212524,0.015428,0.009643,0.861005,2.159708
00000008,2,2.879652,0.316438,0.303283,0.013154,0.008892,0.723603,1.830719
00000008,3,2.837730,0.569974,0.557258,0.012715,0.008287,0.704963,1.554507
00000008,4,2.324950,0.159314,0.147080,0.012234,0.007816,0.662208,1.495613
00000008,5,2.438946,0.289420,0.277246,0.012174,0.007679,0.660885,1.480961
00000008,6,2.359738,0.221841,0.210619,0.011222,0.007696,0.692969,1.437232
00000008,7,2.480401,0.208460,0.197779,0.010680,0.007729,0.863657,1.400555
00000008,8,2.348618,0.112691,0.102229,0.010462,0.007978,0.849302,1.378648
00000008,9,2.595174,0.485277,0.473384,0.011893,0.007981,0.738816,1.363100
00000008,10,2.433801,0.251252,0.240396,0.010856,0.007741,0.825718,1.349090
00000008,11,2.252100,0.045830,0.035871,0.009959,0.007402,0.859075,1.339794
00000008,12,2.505388,0.460216,0.448804,0.011412,0.007114,0.703291,1.334768
00000008,13,2.366118,0.329207,0.318303,0.010904,0.007018,0.698838,1.331055
00000008,14,2.435618,0.557152,0.545493,0.011659,0.007136,0.542411,1.328920
00000008,15,2.101802,0.065868,0.056010,0.009858,0.007610,0.703819,1.324505
00000008,16,2.504892,0.577647,0.565746,0.011902,0.007946,0.596715,1.322584
00000008,17,2.386398,0.315318,0.304691,0.010628,0.008563,0.742171,1.320346
00000008,18,2.245226,0.307940,0.297013,0.010927,0.009116,0.611380,1.316789
00000008,19,2.479813,0.540279,0.529140,0.011139,0.009824,0.612142,1.317568
00000008,20,2.359270,0.219543,0.209444,0.010099,0.010348,0.813378,1.316001
00000009,1,2.723142,0.282758,0.264631,0.018127,0.014608,0.800218,1.625558
00000009,2,2.360092,0.145240,0.131794,0.013445,0.014428,0.723043,1.477380
00000009,3,2.504210,0.691049,0.677994,0.013055,0.014235,0.427969,1.370957
00000009,4,2.276656,0.106108,0.095960,0.010147,0.014464,0.855623,1.300461
00000009,5,2.175797,0.100171,0.090175,0.009996,0.014390,0.804908,1.256328
00000009,6,2.017937,0.203578,0.193357,0.010221,0.013854,0.581062,1.219442
00000009,7,2.286725,0.599356,0.588374,0.010982,0.013400,0.476548,1.197422
00000009,8,1.935865,0.079126,0.069618,0.009508,0.013185,0.665492,1.178063
00000009,9,1.904592,0.203576,0.193758,0.009818,0.012669,0.523069,1.165279
00000009,10,2.109813,0.240951,0.231016,0.009936,0.012325,0.702944,1.153593
00000009,11,2.186044,0.411884,0.401659,0.010225,0.012137,0.617289,1.144733
00000009,12,2.115713,0.275683,0.265636,0.010047,0.011999,0.689775,1.138255
00000009,13,1.973894,0.048772,0.039326,0.009446,0.011546,0.782384,1.131192
00000009,14,2.050808,0.388174,0.377969,0.010205,0.010672,0.523249,1.128713
00000009,15,2.052915,0.206154,0.196460,0.009693,0.010075,0.709924,1.126763
00000009,16,2.071065,0.270369,0.260520,0.009849,0.009484,0.664699,1.126513
00000009,17,2.109640,0.445343,0.435037,0.010305,0.009148,0.530444,1.124705
00000009,18,2.155623,0.513242,0.502944,0.010298,0.009141,0.511830,1.121410
00000009,19,2.032437,0.389893,0.379834,0.010059,0.009387,0.512300,1.120856
00000009,20,2.121428,0.472912,0.462674,0.010238,0.009826,0.516633,1.122058
00000000,1,4.318895,0.410929,0.393201,0.017728,0.001670,1.626207,2.280089
00000000,2,4.299674,0.460202,0.443073,0.017129,0.001826,1.595256,2.242391
00000000,3,3.885545,0.121979,0.106804,0.015175,0.002084,1.571816,2.189666
00000000,4,3.798703,0.157846,0.143494,0.014353,0.002230,1.541879,2.096748
00000000,1,4.318895,0.410929,0.393201,0.017728,0.001670,1.626207,2.280089
00000000,2,4.299671,0.460200,0.443071,0.017129,0.001826,1.595256,2.242389
00000000,3,3.885703,0.122155,0.106981,0.015174,0.002084,1.571816,2.189648
00000000,4,3.798929,0.157965,0.143612,0.014353,0.002230,1.541879,2.096856
00000000,5,3.929736,0.530019,0.515614,0.014404,0.002515,1.501494,1.895708
00000000,6,3.224459,0.262634,0.232057,0.030577,0.003032,1.516503,1.442290
00000000,7,3.136991,0.402823,0.383218,0.019604,0.003347,1.479985,1.250837
00000000,8,2.636584,0.036341,0.022486,0.013855,0.003462,1.497680,1.099102
00000000,9,3.033162,0.562902,0.548270,0.014632,0.003423,1.412522,1.054315
00000000,10,2.798041,0.373550,0.359749,0.013801,0.003506,1.393810,1.027176
00000000,11,3.036119,0.716678,0.702859,0.013819,0.003675,1.298956,1.016809
00000000,12,2.719714,0.401799,0.388201,0.013598,0.003922,1.295734,1.018259
00000000,13,2.835369,0.536885,0.523606,0.013279,0.004317,1.283394,1.010774
00000000,14,2.589275,0.309151,0.296702,0.012449,0.004650,1.261289,1.014185
00000000,15,2.740108,0.542519,0.529725,0.012794,0.005069,1.178793,1.013727
00000000,16,2.438841,0.126454,0.115118,0.011336,0.005526,1.296202,1.010659
00000000,17,2.531071,0.274166,0.262757,0.011408,0.005813,1.238964,1.012128
00000000,18,2.348877,0.032954,0.022432,0.010523,0.005736,1.298903,1.011283
00000000,19,2.491176,0.321930,0.310460,0.011470,0.005493,1.152271,1.011482
00000000,20,2.796999,0.825822,0.813491,0.012331,0.005307,0.957542,1.008328
00000001,1,2.386241,0.240694,0.222104,0.018590,0.005270,1.154306,0.985973
00000001,2,2.440135,0.450442,0.432239,0.018202,0.005187,0.999338,0.985168
00000001,3,2.290605,0.260984,0.243171,0.017813,0.004840,1.039620,0.985163
00000001,4,2.292265,0.267294,0.249744,0.017550,0.004556,1.032318,0.988096
00000001,5,2.336496,0.397055,0.380236,0.016819,0.004322,0.950138,0.984981
00000001,6,2.500936,0.807390,0.791737,0.015652,0.004334,0.706001,0.983212
00000001,7,2.348903,0.718733,0.703234,0.015498,0.004921,0.640268,0.984982
00000001,8,2.205323,0.279490,0.262207,0.017283,0.005875,0.936753,0.983204
00000001,9,2.112945,0.492911,0.476568,0.016343,0.006649,0.629769,0.983616
00000001,10,2.140143,0.128570,0.111235,0.017334,0.007790,1.018889,0.984895
00000001,11,2.086547,0.041600,0.023933,0.017666,0.008484,1.054063,0.982399
00000001,12,2.123284,0.208132,0.191162,0.016970,0.008355,0.924667,0.982130
00000001,13,2.050580,0.111588,0.094288,0.017300,0.007850,0.950384,0.980758
00000001,14,2.133945,0.273894,0.256899,0.016995,0.007359,0.870394,0.982299
00000001,15,1.928992,0.197230,0.180339,0.016891,0.006855,0.743828,0.981079
00000001,16,1.972508,0.132672,0.115460,0.017211,0.006700,0.852944,0.980192
00000001,17,2.096618,0.527823,0.511491,0.016332,0.006743,0.582431,0.979621
00000001,18,2.027392,0.140491,0.123154,0.017337,0.007042,0.901644,0.978215
00000001,19,1.932289,0.294412,0.277859,0.016553,0.007425,0.653176,0.977276
00000001,20,2.051277,0.026980,0.009574,0.017406,0.007946,1.036829,0.979522
00000002,1,3.238514,0.476688,0.463466,0.013221,0.007466,0.926374,1.827986
00000002,2,2.675018,0.321158,0.309038,0.012120,0.007773,0.938721,1.407367
00000002,3,2.823440,0.315696,0.304727,0.010969,0.008087,1.087427,1.412229
00000002,4,2.833241,0.826124,0.814439,0.011686,0.008055,0.676461,1.322601
00000002,5,2.685098,0.422472,0.411660,0.010813,0.008431,0.998787,1.255408
00000002,6,2.734039,0.684688,0.672776,0.011912,0.008849,0.812204,1.228298
00000002,7,2.787444,0.998911,0.986969,0.011941,0.009238,0.566943,1.212352
00000002,8,2.446206,0.367558,0.357221,0.010337,0.010538,0.853253,1.214857
00000002,9,2.529208,0.392099,0.382125,0.009974,0.011805,0.917474,1.207830
00000002,10,2.484543,0.320740,0.311038,0.009702,0.012364,0.947537,1.203901
00000002,11,2.406497,0.284089,0.274263,0.009826,0.012230,0.907325,1.202853
00000002,12,2.301059,0.245304,0.235644,0.009660,0.011866,0.844545,1.199344
00000002,13,2.368988,0.319863,0.310042,0.009821,0.011632,0.840185,1.197307
00000002,14,2.566836,0.548481,0.538281,0.010200,0.011173,0.809483,1.197699
00000002,15,2.641605,0.674932,0.664716,0.010216,0.010600,0.758321,1.197751
00000002,16,2.574811,0.621275,0.611089,0.010185,0.010053,0.745414,1.198069
00000002,17,2.770386,0.887893,0.877312,0.010581,0.010168,0.673797,1.198528
00000002,18,2.678876,0.759114,0.748732,0.010382,0.010968,0.710079,1.198715
00000002,19,2.648896,0.683798,0.673472,0.010325,0.011623,0.754259,1.199217
00000002,20,2.758427,0.823440,0.813196,0.010244,0.012282,0.724193,1.198511
00000003,1,2.230611,0.269932,0.254348,0.015584,0.013270,0.828927,1.118482
00000003,2,2.104689,0.135151,0.123183,0.011968,0.013880,0.910868,1.044790
00000003,3,2.081254,0.299914,0.288659,0.011254,0.014081,0.758891,1.008369
00000003,4,2.256197,0.545824,0.533441,0.012383,0.014298,0.701212,0.994864
00000003,5,2.015737,0.117105,0.106208,0.010897,0.014505,0.898042,0.986085
00000003,6,2.151874,0.468224,0.457511,0.010713,0.014382,0.684771,0.984497
00000003,7,2.060169,0.497333,0.486366,0.010966,0.015048,0.567036,0.980752
00000003,8,2.136865,0.313116,0.302780,0.010336,0.016521,0.822482,0.984746
00000003,9,2.010367,0.131829,0.121794,0.010035,0.017352,0.879571,0.981615
00000003,10,1.980722,0.185576,0.175438,0.010138,0.017293,0.799623,0.978230
00000003,11,2.058077,0.192182,0.182056,0.010125,0.016804,0.868787,0.980304
00000003,12,2.039345,0.027383,0.017809,0.009573,0.015593,1.012985,0.983385
00000003,13,2.083596,0.309774,0.299410,0.010364,0.013974,0.785232,0.974616
00000003,14,2.097245,0.383967,0.373442,0.010525,0.012846,0.720381,0.980051
00000003,15,1.959792,0.184401,0.174194,0.010207,0.012248,0.790746,0.972396
00000003,16,1.942498,0.224643,0.214336,0.010307,0.012050,0.728217,0.977588
00000003,17,2.093959,0.237772,0.227828,0.009944,0.012051,0.859978,0.984159
00000003,18,1.948401,0.118058,0.108116,0.009942,0.011818,0.845451,0.973074
00000003,19,2.055948,0.314966,0.304798,0.010168,0.011449,0.747405,0.982128
00000003,20,2.088575,0.288963,0.278942,0.010020,0.011400,0.811418,0.976794
00000004,1,2.822442,0.340169,0.323056,0.017113,0.015565,0.643449,1.823259
00000004,2,2.544980,0.495352,0.485676,0.009676,0.014055,0.595962,1.439611
00000004,3,2.400507,0.400549,0.390788,0.009761,0.012857,0.570147,1.416954
00000004,4,2.433435,0.389978,0.380850,0.009128,0.012146,0.635669,1.395643
00000004,5,2.300726,0.286060,0.277973,0.008087,0.011517,0.659760,1.343389
00000004,6,2.361083,0.357489,0.349046,0.008443,0.010798,0.668670,1.324126
00000004,7,2.187556,0.134015,0.127529,0.006486,0.010305,0.724058,1.319178
00000004,8,2.538225,0.688559,0.678313,0.010246,0.009924,0.528814,1.310928
00000004,9,2.234092,0.304246,0.296584,0.007662,0.009934,0.607421,1.312490
00000004,10,2.206658,0.321236,0.313245,0.007991,0.010466,0.563645,1.311311
00000004,11,2.209535,0.250297,0.243206,0.007090,0.010820,0.638470,1.309948
00000004,12,2.279819,0.371117,0.363511,0.007606,0.010368,0.590152,1.308183
00000004,13,2.519013,0.614555,0.605730,0.008825,0.010216,0.584281,1.309961
00000004,14,2.115795,0.122217,0.116179,0.006038,0.009897,0.676505,1.307176
00000004,15,2.290604,0.417039,0.408660,0.008380,0.009546,0.555194,1.308824
00000004,16,2.287779,0.367178,0.359653,0.007525,0.009698,0.604315,1.306588
00000004,17,2.097769,0.124738,0.118830,0.005908,0.009918,0.657948,1.305165
00000004,18,2.082302,0.023464,0.018814,0.004650,0.009634,0.744015,1.305190
00000004,19,2.285353,0.397341,0.389399,0.007942,0.008879,0.572578,1.306554
00000004,20,2.054302,0.043074,0.038048,0.005026,0.008445,0.698351,1.304432
00000005,1,2.386077,0.334456,0.311768,0.022688,0.009692,0.774309,1.267619
00000005,2,2.722029,0.360779,0.341055,0.019724,0.009804,1.131635,1.219810
00000005,3,2.500453,0.522090,0.503701,0.018389,0.009973,0.742918,1.225472
00000005,4,2.140185,0.366556,0.348246,0.018311,0.010274,0.543588,1.219767
00000005,5,2.349294,0.465856,0.447567,0.018289,0.011343,0.656509,1.215587
00000005,6,2.331403,0.056825,0.037598,0.019227,0.012290,1.049358,1.212929
00000005,7,2.444091,0.119758,0.100876,0.018882,0.012482,1.098500,1.213351
00000005,8,2.202351,0.373156,0.354850,0.018306,0.012366,0.601974,1.214855
00000005,9,2.343255,0.437523,0.419467,0.018056,0.012335,0.680489,1.212908
00000005,10,2.197947,0.234552,0.215968,0.018584,0.012304,0.739395,1.211695
00000005,11,2.352212,0.620732,0.603141,0.017591,0.012197,0.505799,1.213484
00000005,12,2.244280,0.178051,0.159491,0.018560,0.012336,0.839027,1.214867
00000005,13,2.260817,0.464148,0.446039,0.018108,0.012321,0.574342,1.210007
00000005,14,2.216161,0.181846,0.163311,0.018535,0.012197,0.810839,1.211279
00000005,15,2.390624,0.203185,0.184539,0.018646,0.011943,0.964292,1.211204
00000005,16,2.128845,0.126857,0.108269,0.018588,0.011304,0.782336,1.208347
00000005,17,2.318792,0.315659,0.297372,0.018286,0.010767,0.777652,1.214713
00000005,18,2.401932,0.275133,0.256738,0.018395,0.010606,0.902977,1.213217
00000005,19,2.214965,0.054238,0.035449,0.018790,0.010319,0.940820,1.209588
00000005,20,2.219287,0.392986,0.374918,0.018068,0.009812,0.606578,1.209911
00000006,1,2.076640,0.280005,0.269702,0.010303,0.011321,0.828848,0.956466
00000006,2,1.996751,0.552054,0.542720,0.009334,0.011049,0.709082,0.724565
00000006,3,1.938570,0.229479,0.221741,0.007738,0.010922,1.051274,0.646896
00000006,4,1.886508,0.718289,0.708555,0.009734,0.010832,0.535120,0.622266
00000006,5,1.896756,0.821357,0.811879,0.009478,0.011134,0.447360,0.616905
00000006,6,1.643272,0.276475,0.268464,0.008011,0.011628,0.741066,0.614102
00000006,7,1.800909,0.536458,0.528028,0.008430,0.012278,0.639373,0.612800
00000006,8,1.574396,0.030460,0.024448,0.006012,0.012592,0.928814,0.602531
00000006,9,1.708713,0.286749,0.279771,0.006978,0.012225,0.819055,0.590684
00000006,10,1.705886,0.336666,0.328947,0.007719,0.011575,0.780303,0.577341
00000006,11,1.445930,0.215093,0.207764,0.007329,0.011231,0.655452,0.564154
00000006,12,1.827460,0.608224,0.598089,0.010135,0.011252,0.519148,0.688836
00000006,13,1.535696,0.152449,0.145048,0.007402,0.011604,0.787922,0.583721
00000006,14,1.629290,0.307800,0.299819,0.007982,0.011890,0.731150,0.578449
00000006,15,1.694879,0.249559,0.242584,0.006974,0.011909,0.843636,0.589775
00000006,16,1.335755,0.149428,0.142416,0.007012,0.011825,0.570885,0.603618
00000006,17,1.707988,0.338570,0.331087,0.007483,0.011837,0.754959,0.602622
00000006,18,1.795020,0.480692,0.473106,0.007586,0.012015,0.722771,0.579542
00000006,19,1.481387,0.011734,0.006768,0.004966,0.012241,0.952133,0.505280
00000006,20,1.699202,0.503154,0.495162,0.007992,0.012024,0.583655,0.600369
00000007,1,3.588638,0.339666,0.324035,0.015631,0.012032,0.591742,2.645198
00000007,2,2.503439,0.346601,0.332651,0.013950,0.012183,0.771861,1.372794
00000007,3,2.286150,0.637650,0.624079,0.013570,0.012148,0.399512,1.236841
00000007,4,1.953876,0.137386,0.124264,0.013122,0.011941,0.719698,1.084851
00000007,5,2.125794,0.355555,0.343910,0.011645,0.011686,0.716249,1.042304
00000007,6,2.108988,0.602120,0.591163,0.010957,0.011738,0.453251,1.041879
00000007,7,2.025081,0.178939,0.168311,0.010629,0.012127,0.793735,1.040279
00000007,8,2.066562,0.376491,0.365985,0.010507,0.012354,0.640964,1.036753
00000007,9,2.028643,0.534569,0.523971,0.010598,0.012770,0.447955,1.033349
00000007,10,2.049713,0.550067,0.539525,0.010542,0.013479,0.454949,1.031218
00000007,11,2.018914,0.264908,0.254584,0.010324,0.014381,0.709633,1.029992
00000007,12,2.013580,0.430012,0.419677,0.010335,0.015100,0.538954,1.029514
00000007,13,1.940240,0.386325,0.376050,0.010275,0.015987,0.509112,1.028816
00000007,14,2.088054,0.318864,0.308522,0.010341,0.016870,0.725734,1.026586
00000007,15,2.039117,0.029774,0.019552,0.010222,0.017038,0.966641,1.025663
00000007,16,1.951686,0.243523,0.233279,0.010244,0.016417,0.665639,1.026106
00000007,17,2.119700,0.341409,0.331065,0.010344,0.015814,0.737317,1.025160
00000007,18,2.139807,0.315058,0.304772,0.010287,0.015161,0.784458,1.025130
00000007,19,2.172279,0.347514,0.337191,0.010323,0.014540,0.785485,1.024740
00000007,20,1.935059,0.129033,0.118940,0.010093,0.013788,0.767775,1.024463
00000008,1,3.289966,0.228443,0.213062,0.015381,0.009806,0.860746,2.190972
00000008,2,2.898825,0.312239,0.299191,0.013048,0.009034,0.723235,1.854317
00000008,3,2.847598,0.565840,0.553192,0.012648,0.008406,0.705239,1.568112
00000008,4,2.322788,0.161219,0.149130,0.012089,0.007921,0.662096,1.491551
00000008,5,2.444422,0.294703,0.282479,0.012223,0.007804,0.660718,1.481198
00000008,6,2.364963,0.222374,0.211009,0.011365,0.007848,0.692774,1.441967
00000008,7,2.488084,0.216797,0.206005,0.010792,0.007894,0.863433,1.399960
00000008,8,2.348437,0.114850,0.104227,0.010623,0.008132,0.849568,1.375888
00000008,9,2.591295,0.483926,0.471858,0.012068,0.008137,0.738780,1.360452
00000008,10,2.429661,0.248634,0.237639,0.010995,0.007914,0.826516,1.346597
00000008,11,2.251429,0.047835,0.037793,0.010043,0.007595,0.858853,1.337145
00000008,12,2.505384,0.462283,0.450891,0.011392,0.007327,0.703069,1.332705
00000008,13,2.366007,0.326953,0.316067,0.010886,0.007252,0.702613,1.329189
00000008,14,2.436940,0.560045,0.548414,0.011631,0.007376,0.542346,1.327173
00000008,15,2.102151,0.067859,0.057997,0.009862,0.007845,0.704336,1.322111
00000008,16,2.501042,0.574884,0.562985,0.011899,0.008166,0.597046,1.320946
00000008,17,2.383563,0.314055,0.303463,0.010592,0.008748,0.742101,1.318659
00000008,18,2.245424,0.311758,0.300871,0.010887,0.009296,0.611224,1.313146
00000008,19,2.480554,0.542619,0.531504,0.011115,0.010001,0.612087,1.315848
00000008,20,2.357947,0.219574,0.209546,0.010028,0.010512,0.813359,1.314502
00000009,1,2.727035,0.285094,0.267097,0.017997,0.014584,0.799795,1.627562
00000009,2,2.355038,0.141066,0.127830,0.013236,0.014397,0.722829,1.476746
00000009,3,2.505806,0.692340,0.679389,0.012950,0.014208,0.428010,1.371249
00000009,4,2.275190,0.105973,0.095817,0.010156,0.014461,0.856247,1.298509
00000009,5,2.174103,0.101635,0.091603,0.010032,0.014414,0.804289,1.253765
00000009,6,2.015006,0.206628,0.196345,0.010283,0.013902,0.579844,1.214632
00000009,7,2.282607,0.600329,0.589355,0.010974,0.013457,0.476513,1.192308
00000009,8,1.929571,0.078665,0.069169,0.009495,0.013217,0.665089,1.172600
00000009,9,1.901768,0.204029,0.194173,0.009856,0.012685,0.524877,1.160176
00000009,10,2.105911,0.242100,0.232139,0.009961,0.012332,0.702542,1.148938
00000009,11,2.179796,0.409740,0.399467,0.010273,0.012142,0.616955,1.140959
00000009,12,2.112455,0.275860,0.265812,0.010048,0.012012,0.689682,1.134902
00000009,13,1.970453,0.048555,0.039144,0.009411,0.011560,0.782066,1.128273
00000009,14,2.049985,0.389450,0.379255,0.010195,0.010686,0.523372,1.126477
00000009,15,2.050945,0.205657,0.195999,0.009658,0.010083,0.709914,1.125292
00000009,16,2.069991,0.270824,0.261023,0.009801,0.009483,0.664352,1.125333
00000009,17,2.109139,0.445506,0.435174,0.010332,0.009139,0.530473,1.124021
00000009,18,2.156587,0.514966,0.504695,0.010270,0.009132,0.512141,1.120349
00000009,19,2.035185,0.393293,0.383251,0.010042,0.009389,0.512182,1.120321
00000009,20,2.121124,0.473587,0.463318,0.010270,0.009825,0.516341,1.121370
00000000,1,4.318895,0.410929,0.393201,0.017728,0.001670,1.626207,2.280089
00000000,2,4.299674,0.460202,0.443073,0.017129,0.001826,1.595256,2.242391
00000000,3,3.885545,0.121979,0.106804,0.015175,0.002084,1.571816,2.189666
00000000,4,3.798703,0.157846,0.143494,0.014353,0.002230,1.541879,2.096748
00000000,5,3.929932,0.530500,0.516085,0.014415,0.002515,1.501494,1.895423
00000000,6,3.220286,0.262670,0.232002,0.030668,0.003032,1.516504,1.438080
00000000,7,3.139528,0.402568,0.383128,0.019440,0.003347,1.479993,1.253621
00000000,8,2.638474,0.036285,0.022589,0.013696,0.003460,1.497702,1.101027
00000000,9,3.034725,0.563363,0.548720,0.014643,0.003420,1.412552,1.055390
00000000,10,2.799543,0.374125,0.360378,0.013747,0.003503,1.393840,1.028074
00000000,11,3.036169,0.716637,0.702811,0.013826,0.003672,1.299010,1.016850
00000000,12,2.719842,0.402040,0.388478,0.013562,0.003920,1.295792,1.018090
00000000,13,2.836252,0.537593,0.524289,0.013304,0.004315,1.283429,1.010915
00000000,14,2.589169,0.309845,0.297383,0.012463,0.004649,1.261350,1.013326
00000000,15,2.739513,0.542471,0.529714,0.012756,0.005069,1.178842,1.013131
00000000,16,2.439040,0.126705,0.115356,0.011349,0.005526,1.296251,1.010558
00000000,17,2.529660,0.273290,0.261905,0.011385,0.005815,1.239009,1.011546
00000000,18,2.348984,0.033361,0.022846,0.010515,0.005741,1.298968,1.010914
00000000,19,2.491134,0.321997,0.310514,0.011483,0.005499,1.152311,1.011327
00000000,20,2.796681,0.825316,0.812980,0.012337,0.005314,0.957609,1.008442
00000001,1,2.385831,0.240304,0.221643,0.018660,0.005279,1.154412,0.985836
00000001,2,2.440701,0.450604,0.432327,0.018276,0.005194,0.999457,0.985446
00000001,3,2.290197,0.260112,0.242268,0.017844,0.004842,1.039750,0.985493
00000001,4,2.292856,0.267680,0.250117,0.017562,0.004553,1.032432,0.988192
00000001,5,2.336558,0.397146,0.380334,0.016811,0.004315,0.950233,0.984865
00000001,6,2.501187,0.807676,0.792041,0.015635,0.004325,0.706177,0.983008
00000001,7,2.348863,0.718910,0.703427,0.015484,0.004909,0.640385,0.984660
00000001,8,2.205172,0.279370,0.262080,0.017290,0.005860,0.936852,0.983090
00000001,9,2.114102,0.492610,0.476229,0.016381,0.006631,0.629897,0.984964
00000001,10,2.139992,0.128576,0.111245,0.017331,0.007768,1.018934,0.984714
00000001,11,2.086269,0.041529,0.023878,0.017652,0.008462,1.054102,0.982176
00000001,12,2.122786,0.207511,0.190556,0.016954,0.008335,0.924689,0.982252
00000001,13,2.050627,0.111521,0.094242,0.017279,0.007835,0.950441,0.980829
00000001,14,2.133198,0.273446,0.256487,0.016959,0.007347,0.870464,0.981941
00000001,15,1.925197,0.197161,0.180391,0.016770,0.006847,0.743880,0.977309
00000001,16,1.973629,0.133430,0.116269,0.017161,0.006696,0.852996,0.980507
00000001,17,2.098664,0.527733,0.511383,0.016350,0.006743,0.582433,0.981755
00000001,18,2.028688,0.140579,0.123115,0.017464,0.007047,0.901672,0.979390
00000001,19,1.935358,0.294743,0.278109,0.016635,0.007431,0.653199,0.979984
00000001,20,2.052484,0.026609,0.009133,0.017476,0.007956,1.036863,0.981056
00000002,1,3.223760,0.480280,0.467099,0.013181,0.007482,0.926340,1.809659
00000002,2,2.669215,0.315067,0.302973,0.012094,0.007796,0.938703,1.407649
00000002,3,2.824858,0.315598,0.304638,0.010961,0.008110,1.087419,1.413730
00000002,4,2.830525,0.825045,0.813364,0.011681,0.008076,0.676366,1.321039
00000002,5,2.685713,0.422011,0.411178,0.010833,0.008453,0.998767,1.256482
00000002,6,2.734281,0.684829,0.672958,0.011871,0.008875,0.812140,1.228438
00000002,7,2.786897,0.998437,0.986591,0.011846,0.009267,0.566907,1.212286
00000002,8,2.446143,0.366718,0.356412,0.010306,0.010566,0.854630,1.214228
00000002,9,2.529797,0.393469,0.383534,0.009935,0.011836,0.917461,1.207031
00000002,10,2.483897,0.320823,0.311177,0.009646,0.012402,0.947508,1.203165
00000002,11,2.406265,0.284092,0.274285,0.009807,0.012269,0.907262,1.202643
00000002,12,2.299323,0.243716,0.234088,0.009629,0.011905,0.844513,1.199189
00000002,13,2.370280,0.321585,0.311782,0.009803,0.011674,0.840146,1.196876
00000002,14,2.566292,0.548161,0.537964,0.010196,0.011215,0.809414,1.197503
00000002,15,2.641751,0.675220,0.665005,0.010216,0.010641,0.758287,1.197602
00000002,16,2.574997,0.621473,0.611282,0.010191,0.010092,0.745397,1.198035
00000002,17,2.770217,0.887878,0.877281,0.010597,0.010205,0.673768,1.198366
00000002,18,2.678920,0.759074,0.748679,0.010396,0.011005,0.710023,1.198817
00000002,19,2.648454,0.683387,0.673041,0.010346,0.011659,0.754210,1.199198
00000002,20,2.757116,0.822245,0.811987,0.010258,0.012318,0.724178,1.198375
00000003,1,2.229354,0.269937,0.254371,0.015567,0.013311,0.828870,1.117236
00000003,2,2.101811,0.135135,0.123230,0.011905,0.013925,0.910823,1.041929
00000003,3,2.079084,0.299746,0.288335,0.011411,0.014128,0.758850,1.006359
00000003,4,2.254426,0.545298,0.532836,0.012462,0.014346,0.701207,0.993575
00000003,5,2.013116,0.115421,0.104496,0.010925,0.014551,0.898005,0.985139
00000003,6,2.149946,0.467114,0.456196,0.010918,0.014423,0.684702,0.983708
00000003,7,2.051399,0.489941,0.478843,0.011098,0.015088,0.566985,0.979384
00000003,8,2.141773,0.317932,0.307526,0.010406,0.016564,0.822404,0.984873
00000003,9,2.011178,0.132876,0.122691,0.010186,0.017380,0.879518,0.981403
00000003,10,1.979199,0.184689,0.174500,0.010189,0.017291,0.799601,0.977617
00000003,11,2.057374,0.192097,0.181916,0.010182,0.016760,0.868790,0.979727
00000003,12,2.037373,0.027363,0.017748,0.009615,0.015530,1.011109,0.983371
00000003,13,2.082702,0.311162,0.300841,0.010322,0.013905,0.785244,0.972391
00000003,14,2.098092,0.384193,0.373576,0.010616,0.012780,0.720365,0.980754
00000003,15,1.960043,0.185392,0.175154,0.010238,0.012199,0.790742,0.971710
00000003,16,1.942496,0.226954,0.216612,0.010342,0.012014,0.726802,0.976726
00000003,17,2.090681,0.234406,0.224447,0.009959,0.012011,0.859956,0.984309
00000003,18,1.948145,0.118651,0.108724,0.009928,0.011800,0.845400,0.972294
00000003,19,2.050721,0.309917,0.299780,0.010137,0.011452,0.747403,0.981950
00000003,20,2.086955,0.287883,0.277869,0.010014,0.011413,0.811430,0.976230
00000004,1,2.823580,0.340953,0.324161,0.016791,0.015566,0.643427,1.823634
00000004,2,2.551487,0.508013,0.498413,0.009600,0.014065,0.595983,1.433426
00000004,3,2.416336,0.416092,0.406356,0.009736,0.012909,0.570228,1.417106
00000004,4,2.436170,0.392147,0.383045,0.009102,0.012203,0.635846,1.395974
00000000,1,4.530541,0.628159,0.609705,0.018454,0.001618,1.620747,2.280017
00000000,2,4.252593,0.413163,0.396320,0.016842,0.001582,1.596454,2.241394
00000000,3,4.216694,0.451380,0.435441,0.015939,0.001521,1.572924,2.190869
00000000,4,4.047740,0.400378,0.385417,0.014961,0.001513,1.556081,2.089768
00000000,5,3.821687,0.428612,0.414141,0.014472,0.001564,1.532109,1.859401
00000000,6,3.671635,0.634133,0.610075,0.024058,0.001676,1.497564,1.538262
00000000,7,3.267989,0.432835,0.403625,0.029210,0.001893,1.491257,1.342003
00000000,8,2.883732,0.238059,0.223192,0.014866,0.002035,1.488647,1.154992
00000000,9,3.211007,0.651425,0.637118,0.014307,0.002036,1.424132,1.133413
00000000,10,2.756476,0.245453,0.231653,0.013800,0.002132,1.458234,1.050658
00000000,11,3.034876,0.651359,0.637907,0.013451,0.002100,1.358917,1.022501
00000000,12,2.942446,0.570349,0.557070,0.013279,0.002115,1.352337,1.017646
00000000,13,3.085348,0.814648,0.801268,0.013380,0.002314,1.256833,1.011553
00000000,14,2.769170,0.439797,0.426894,0.012903,0.002467,1.315264,1.011642
00000000,15,2.765075,0.461382,0.448954,0.012428,0.002514,1.288890,1.012289
00000000,16,2.981620,0.806402,0.793386,0.013016,0.002581,1.160869,1.011767
00000000,17,2.566412,0.239302,0.227227,0.012075,0.002805,1.313190,1.011116
00000000,18,2.683198,0.464015,0.451850,0.012165,0.002867,1.208625,1.007692
00000000,19,2.473547,0.199249,0.187961,0.011288,0.002816,1.260615,1.010867
00000000,20,2.918409,1.006276,0.993136,0.013139,0.002780,0.904411,1.004942
00000001,1,2.782405,0.825313,0.809019,0.016294,0.003086,0.968616,0.985391
00000001,2,2.609296,0.609569,0.592951,0.016618,0.003549,1.011964,0.984214
00000001,3,2.724685,0.868347,0.852637,0.015709,0.003922,0.868027,0.984388
00000001,4,2.351046,0.176570,0.158386,0.018184,0.004162,1.185293,0.985021
00000001,5,2.454986,0.424294,0.407078,0.017216,0.004151,1.043575,0.982966
00000001,6,2.420550,0.397741,0.380874,0.016867,0.004200,1.033368,0.985241
00000001,7,2.589440,0.842101,0.826785,0.015316,0.004236,0.756525,0.986579
00000001,8,2.512429,0.660569,0.644406,0.016163,0.004788,0.861625,0.985446
00000001,9,2.469563,0.645109,0.629219,0.015890,0.005503,0.834651,0.984301
00000001,10,2.485048,0.948474,0.933801,0.014673,0.006214,0.543771,0.986589
00000001,11,2.311264,0.224317,0.206698,0.017620,0.007352,1.095629,0.983965
00000001,12,2.429453,0.809324,0.793860,0.015464,0.008025,0.631559,0.980546
00000001,13,2.444161,0.666161,0.650148,0.016013,0.008763,0.785091,0.984146
00000001,14,2.382927,0.609323,0.593460,0.015864,0.009435,0.779259,0.984909
00000001,15,2.301988,0.544758,0.528910,0.015847,0.010250,0.764508,0.982473
00000001,16,2.375456,0.624787,0.608974,0.015813,0.011105,0.754188,0.985377
00000001,17,2.360692,0.608170,0.592254,0.015916,0.011849,0.756379,0.984293
00000001,18,2.417716,0.830443,0.815165,0.015278,0.012779,0.591663,0.982831
00000001,19,2.320181,0.583511,0.567513,0.015998,0.013926,0.739459,0.983286
00000001,20,2.376394,0.455488,0.438948,0.016540,0.014446,0.921308,0.985151
00000002,1,3.466338,0.328381,0.316416,0.011965,0.014043,1.193200,1.930714
00000002,2,3.157386,1.007547,0.994356,0.013191,0.013903,0.711788,1.424148
00000002,3,3.103584,0.820470,0.808067,0.012404,0.013713,0.873986,1.395415
00000002,4,2.802331,0.289332,0.279350,0.009982,0.013031,1.160024,1.339944
00000002,5,2.894169,0.736039,0.724920,0.011119,0.012166,0.871711,1.274253
00000002,6,2.900852,0.650225,0.639458,0.010767,0.011360,0.987459,1.251807
00000002,7,2.997455,0.936299,0.924899,0.011400,0.010604,0.827008,1.223544
00000002,8,2.672690,0.500305,0.489817,0.010488,0.010284,0.945597,1.216503
00000002,9,2.818311,0.639007,0.628926,0.010081,0.009981,0.955572,1.213751
00000002,10,2.703022,0.549535,0.539536,0.010000,0.009606,0.940333,1.203548
00000002,11,2.907592,0.923031,0.912458,0.010573,0.009076,0.773227,1.202258
00000002,12,2.549973,0.293694,0.284442,0.009252,0.008900,1.043444,1.203934
00000002,13,2.734002,0.762299,0.751759,0.010541,0.008631,0.761100,1.201972
00000002,14,2.843117,0.872420,0.861973,0.010447,0.007908,0.759400,1.203388
00000002,15,2.620714,0.509168,0.499242,0.009926,0.007082,0.905045,1.199419
00000002,16,2.802513,0.825475,0.815045,0.010430,0.006673,0.768921,1.201445
00000002,17,3.022408,1.061424,1.050918,0.010506,0.006571,0.753724,1.200690
00000002,18,2.665792,0.577299,0.567442,0.009858,0.006694,0.882126,1.199672
00000002,19,2.336478,0.011267,0.002757,0.008511,0.006747,1.118427,1.200037
00000000,1,3.909371,0.017930,0.001444,0.016485,0.001314,1.610584,2.279544
00000000,2,3.846640,0.016846,0.001383,0.015463,0.000832,1.590341,2.238621
00000000,3,3.764402,0.015868,0.001387,0.014481,0.000590,1.570297,2.177646
00000000,4,3.604300,0.014842,0.001333,0.013509,0.000506,1.550241,2.038711
00000000,5,3.189839,0.018064,0.001256,0.016808,0.000541,1.530437,1.640796
00000000,6,2.861935,0.038213,0.001193,0.037020,0.000649,1.509881,1.313193
00000000,7,2.648042,0.016474,0.001110,0.015364,0.000484,1.489315,1.141769
00000000,8,2.575644,0.015722,0.001067,0.014655,0.000361,1.467777,1.091783
00000000,9,2.500917,0.016002,0.001182,0.014821,0.000306,1.446281,1.038328
00000000,10,2.460178,0.013799,0.001156,0.012642,0.000244,1.423881,1.022255
00000000,11,2.433055,0.013803,0.001119,0.012684,0.000176,1.401173,1.017903
00000000,12,2.403652,0.012661,0.001106,0.011555,0.000132,1.377324,1.013535
00000000,13,2.374577,0.012551,0.001048,0.011503,0.000104,1.350638,1.011283
00000000,14,2.348533,0.011865,0.001083,0.010782,0.000088,1.325749,1.010830
00000000,15,2.320566,0.011706,0.001083,0.010623,0.000080,1.299133,1.009647
00000000,16,2.300320,0.011429,0.001038,0.010391,0.000078,1.279805,1.009008
00000000,17,2.273943,0.011245,0.001029,0.010216,0.000079,1.254038,1.008581
00000000,18,2.250266,0.011124,0.001019,0.010105,0.000084,1.231318,1.007741
00000000,19,2.227756,0.011046,0.001002,0.010044,0.000091,1.209453,1.007165
00000000,20,2.209382,0.011022,0.001018,0.010004,0.000102,1.191866,1.006393
00000001,1,2.240541,0.021408,0.001962,0.019446,0.000144,1.233716,0.985273
00000001,2,2.213608,0.020564,0.001643,0.018921,0.000139,1.208528,0.984377
00000001,3,2.182727,0.019091,0.001351,0.017739,0.000132,1.179725,0.983779
00000001,4,2.160179,0.019201,0.001559,0.017642,0.000124,1.157072,0.983782
00000001,5,2.135350,0.018832,0.001418,0.017414,0.000115,1.133210,0.983193
00000001,6,2.116952,0.018530,0.001319,0.017211,0.000103,1.115077,0.983241
00000001,7,2.097854,0.018416,0.001269,0.017147,0.000094,1.096127,0.983217
00000001,8,2.089301,0.018207,0.001202,0.017004,0.000088,1.087724,0.983281
00000001,9,2.074364,0.018171,0.001256,0.016915,0.000085,1.073191,0.982917
00000001,10,2.066334,0.018095,0.001201,0.016893,0.000083,1.065743,0.982414
00000001,11,2.060364,0.017898,0.001145,0.016753,0.000081,1.059843,0.982541
00000001,12,2.054511,0.017800,0.001116,0.016685,0.000080,1.053656,0.982974
00000001,13,2.047346,0.017690,0.001089,0.016601,0.000079,1.047155,0.982422
00000001,14,2.041614,0.017796,0.001223,0.016572,0.000079,1.041987,0.981753
00000001,15,2.042589,0.017471,0.001066,0.016405,0.000079,1.043544,0.981495
00000001,16,2.037922,0.017386,0.001066,0.016320,0.000080,1.038822,0.981635
00000001,17,2.038232,0.017252,0.001036,0.016216,0.000080,1.039394,0.981506
00000001,18,2.033157,0.017200,0.001066,0.016134,0.000082,1.034470,0.981405
00000001,19,2.033471,0.017050,0.001061,0.015989,0.000085,1.035588,0.980748
00000001,20,2.031008,0.016995,0.001059,0.015935,0.000090,1.034051,0.979873
00000002,1,3.159317,0.020206,0.005733,0.014473,0.000204,1.322509,1.816399
00000002,2,2.718562,0.016491,0.003081,0.013410,0.000388,1.294339,1.407344
00000002,3,2.664377,0.012979,0.002423,0.010557,0.000411,1.263267,1.387720
00000002,4,2.522436,0.011427,0.002308,0.009119,0.000260,1.226103,1.284646
00000002,5,2.463609,0.012683,0.002240,0.010443,0.000171,1.198280,1.252475
00000002,6,2.396268,0.013113,0.002171,0.010942,0.000155,1.161663,1.221337
00000002,7,2.366054,0.011545,0.002094,0.009451,0.000161,1.134265,1.220084
00000002,8,2.336365,0.010653,0.001904,0.008750,0.000163,1.116043,1.209506
00000002,9,2.311319,0.010651,0.001771,0.008880,0.000152,1.095816,1.204701
00000002,10,2.298801,0.010101,0.001495,0.008607,0.000132,1.084114,1.204454
00000002,11,2.285651,0.009637,0.001185,0.008451,0.000115,1.073753,1.202147
00000002,12,2.274659,0.009398,0.001051,0.008347,0.000101,1.063777,1.201383
00000002,13,2.268278,0.009406,0.001103,0.008302,0.000090,1.058115,1.200668
00000002,14,2.257127,0.009439,0.001182,0.008257,0.000079,1.047236,1.200373
00000002,15,2.260462,0.009247,0.001031,0.008217,0.000071,1.051307,1.199837
00000002,16,2.259715,0.009157,0.000948,0.008210,0.000064,1.050823,1.199670
00000002,17,2.255012,0.009085,0.000893,0.008192,0.000059,1.046415,1.199453
00000002,18,2.252951,0.009033,0.000850,0.008183,0.000054,1.044640,1.199224
00000002,19,2.253318,0.009023,0.000846,0.008178,0.000050,1.045244,1.199001
00000002,20,2.246086,0.009104,0.000932,0.008172,0.000046,1.038129,1.198808
00000003,1,2.306596,0.019034,0.001210,0.017825,0.000040,1.179810,1.107711
00000003,2,2.220025,0.011801,0.001115,0.010686,0.000032,1.172764,1.035427
00000003,3,2.171299,0.011987,0.001036,0.010951,0.000030,1.159578,0.999704
00000003,4,2.151797,0.012666,0.000955,0.011711,0.000033,1.151392,0.987706
00000003,5,2.138308,0.010742,0.000929,0.009813,0.000045,1.144310,0.983211
00000000,1,3.909371,0.017930,0.001444,0.016485,0.001314,1.610584,2.279544
00000000,2,3.846640,0.016846,0.001383,0.015463,0.000832,1.590341,2.238621
00000000,3,3.764402,0.015868,0.001387,0.014481,0.000590,1.570297,2.177646
00000000,4,3.604338,0.014842,0.001333,0.013509,0.000506,1.550241,2.038748
00000000,5,3.189164,0.018051,0.001242,0.016809,0.000541,1.530437,1.640135
00000000,6,2.861768,0.038166,0.001234,0.036933,0.000651,1.509880,1.313071
00000000,7,2.647952,0.016481,0.001132,0.015349,0.000489,1.489307,1.141675
00000000,8,2.575372,0.015777,0.001122,0.014655,0.000366,1.467761,1.091468
00000000,9,2.500656,0.015933,0.001126,0.014807,0.000311,1.446259,1.038152
00000000,10,2.460333,0.013797,0.001142,0.012655,0.000248,1.424345,1.021943
00000000,1,3.909371,0.017930,0.001444,0.016485,0.001314,1.610584,2.279544
00000000,2,3.846640,0.016846,0.001384,0.015463,0.000832,1.590341,2.238621
00000000,3,3.764402,0.015868,0.001387,0.014481,0.000590,1.570297,2.177646
